Years,Elements,AMMONIA,CO2_ATM,CO2_CAPTURED,CO2_INDUSTRY,DIESEL,ELECTRICITY,GAS,GASOLINE,H2,HEAT_HIGH_T,HEAT_LOW_T_DECEN,HEAT_LOW_T_DHN,HVC,IMPORTED_COAL,LFO,LOCAL_COAL,METHANOL,MOB_FREIGHT_BOAT,MOB_FREIGHT_RAIL,MOB_FREIGHT_ROAD,MOB_PRIVATE,MOB_PUBLIC,PROCESS_COOLING,RES_GEO,RES_HYDRO,RES_SOLAR,RES_WIND,SPACE_COOLING,URANIUM,WASTE,WET_BIOMASS,WOOD
YEAR_2020,NUCLEAR,,,,,,7.529825689185231e-07,,,,,,,,,,,,,,,,,,,,,,,-2.2144570065488048e-06,,,
YEAR_2020,CCGT,,,,5071.431598207534,,15975.02550937924,-38020.56071232259,,,,,,,,,,,,,,,,,,,,,,,,,
YEAR_2020,LOCAL_COAL_CENTRAL,,,,3036.1658961930716,,4554.130436898247,,,,,,,,,,-13011.150658218294,,,,,,,,,,,,,,,,
YEAR_2020,PV,,,,,,220.6978388906463,,,,,,,,,,,,,,,,,,,,-220.6978388906463,,,,,,
YEAR_2020,WIND_ONSHORE,,,,,,2.349687443257729,,,,,,,,,,,,,,,,,,,,,-2.349687443257729,,,,,
YEAR_2020,HYDRO_DAM,,,,,,41552.128423327275,,,,,,,,,,,,,,,,,,,-41552.128423327275,,,,,,,
YEAR_2020,HYDRO_RIVER,,,,,,19289.870822297373,,,,,,,,,,,,,,,,,,,-19289.870822297373,,,,,,,
YEAR_2020,IND_COGEN_GAS,,,,1287.1790586981385,,2831.746560662334,-6497.189535790856,,,2960.529598183308,,,,,,,,,,,,,,,,,,,,,,
YEAR_2020,IND_BOILER_GAS,,,,253.04325132634509,,,-1277.2659357690814,,,1173.125875411892,,,,,,,,,,,,,,,,,,,,,,
YEAR_2020,IND_BOILER_COAL,,,,9977.352204284301,,,,,,22726.41839616487,,,,,,-27978.81835713178,,,,,,,,,,,,,,,,
YEAR_2020,IND_DIRECT_ELEC,,,,,,-1.776116961983648e-05,,,,1.776116961983648e-05,,,,,,,,,,,,,,,,,,,,,,
YEAR_2020,DHN_COGEN_WOOD,,,,6099.83254459937,,2815.108380687891,,,,,,8289.482864216405,,,,,,,,,,,,,,,,,,,,-15640.596268203513
YEAR_2020,DEC_THHP_GAS,,,,,,,-11115.052350273307,,,,15488.588850573513,,,,,,,,,,,,,,,,,,,,,
YEAR_2020,DEC_COGEN_OIL,,,,,,1.1646246059470813e-11,,,,,1.2840403593683366e-11,,,,-3.0146039188133385e-11,,,,,,,,,,,,,,,,,
YEAR_2020,DEC_BOILER_GAS,,,,,,,-16707.499251014066,,,,14895.042147456292,,,,,,,,,,,,,,,,,,,,,
YEAR_2020,DEC_BOILER_WOOD,,,,,,,,,,,10513.458386359269,,,,,,,,,,,,,,,,,,,,,-12486.88459056774
YEAR_2020,DEC_DIRECT_ELEC,,,,,,-2818.171216708051,,,,,2818.171216708051,,,,,,,,,,,,,,,,,,,,,
YEAR_2020,IND_ELEC_COLD,,,,,,-137.92770000000002,,,,,,,,,,,,,,,,,277.8,,,,,,,,,
YEAR_2020,DEC_ELEC_COLD,,,,,,-2033.603923650437,,,,,,,,,,,,,,,,,,,,,,5084.0098091260925,,,,
YEAR_2020,BUS_COACH_DIESEL,,,,,-53207.106319016195,,,,,,,,,,,,,,,,,182638.2589711291,,,,,,,,,,
YEAR_2020,BUS_COACH_GASOLINE,,,,,,,,-22099.60462822492,,,,,,,,,,,,,,60878.441010834125,,,,,,,,,,
YEAR_2020,TRAIN_PUB,,,,,,-1.1260717224887435e-06,,,,,,,,,,,,,,,,1.5431463614792707e-05,,,,,,,,,,
YEAR_2020,CAR_GASOLINE,,,,,,,,-19154.00397876216,,,,,,,,,,,,,34440.219000265635,,,,,,,,,,,
YEAR_2020,CAR_DIESEL,,,,,-5.221475081847677e-07,,,,,,,,,,,,,,,,1.094687634879814e-06,,,,,,,,,,,
YEAR_2020,CAR_NG,,,,,,,-6039.600692493294,,,,,,,,,,,,,,15654.645000453054,,,,,,,,,,,
YEAR_2020,MOTORCYCLE,,,,,,,,-8107.599756975143,,,,,,,,,,,,,54269.43599689162,,,,,,,,,,,
YEAR_2020,TRAIN_FREIGHT,,,,,,-1579.3823563375204,,,,,,,,,,,,,20534.430000000004,,,,,,,,,,,,,
YEAR_2020,BOAT_FREIGHT_DIESEL,,,,,-1033.2442616895,,,,,,,,,,,,,8800.470000000001,,,,,,,,,,,,,,
YEAR_2020,TRUCK_DIESEL,,,,,-19249.673194860494,,,,,,,,,,,,,,,34224.04999999999,,,,,,,,,,,,
YEAR_2020,TRUCK_GASOLINE,,,,,,,,-20256.769450705597,,,,,,,,,,,,34224.05000000002,,,,,,,,,,,,
YEAR_2020,HABER_BOSCH,3.0192185483505377e-05,,,,,-3.7001487044596475e-06,,,-3.4117169596361076e-05,,,4.047028565202955e-06,,,,,,,,,,,,,,,,,,,,
YEAR_2020,OIL_TO_HVC,,,,4769.983642479,,-475.1142201,,,,-386.17388390599996,,,22423.0,,-40769.090905014,,,,,,,,,,,,,,,,,
YEAR_2020,SYN_METHANOLATION,,,-8.161960018730655e-10,,,-1.1699408864769197e-10,,,-4.287489262160093e-09,,,2.760169507671693e-10,,,,,3.3218765009767798e-09,,,,,,,,,,,,,,,
YEAR_2020,METHANE_TO_METHANOL,,,,2.305570318169974e-10,,,-5.865091981677425e-09,,,,,,,,,,3.835770155433999e-09,,,,,,,,,,,,,,,
YEAR_2020,BIOMASS_TO_METHANOL,,,,1.328707165228175e-09,,1.1181408277267741e-10,,,,,,1.2299618429864484e-09,,,,,3.4662434984399966e-09,,,,,,,,,,,,,,,-5.6229086568872836e-09
YEAR_2020,DAM_STORAGE,,,,,,-83.06270471962114,,,,,,,,,,,,,,,,,,,,,,,,,,
YEAR_2020,TS_DHN_SEASONAL,,,,,,,,,,,,-0.06934156874514485,,,,,,,,,,,,,,,,,,,,
YEAR_2020,GAS_STORAGE,,,,,,,-1.9043208367482086e-05,,,,,,,,,,,,,,,,,,,,,,,,,
YEAR_2020,H2_STORAGE,,,,,,,,,-3.0019505994199287e-05,,,,,,,,,,,,,,,,,,,,,,,
YEAR_2020,CO2_STORAGE,,,5.908054807098745e-19,,,,,,,,,,,,,,,,,,,,,,,,,,,,,
YEAR_2020,GASOLINE_STORAGE,,,,,,,,2.4760467114137708e-17,,,,,,,,,,,,,,,,,,,,,,,,
YEAR_2020,DIESEL_STORAGE,,,,,-7.196391919872536e-18,,,,,,,,,,,,,,,,,,,,,,,,,,,
YEAR_2020,METHANOL_STORAGE,,,,,,,,,,,,,,,,,1.727947373957486e-19,,,,,,,,,,,,,,,
YEAR_2020,AMMONIA_STORAGE,1.4402948235112123e-16,,,,,,,,,,,,,,,,,,,,,,,,,,,,,,,
YEAR_2020,LFO_STORAGE,,,,,,,,,,,,,,,-5.789315832554088e-11,,,,,,,,,,,,,,,,,
YEAR_2020,TS_COLD,,,,,,,,,,,,,,,,,,,,,,,,,,,,-1.4810998210155866e-05,,,,
YEAR_2020,H2_ELECTROLYSIS,,,,,,-4.778562268516231e-06,,,4.272596850442363e-06,-8.432756939413822e-07,,1.686551379337571e-07,,,,,,,,,,,,,,,,,,,,
YEAR_2020,SMR,,,,2.6095550470038513e-05,,,-0.00013047775235019255,,9.56161163345981e-05,,,,,,,,,,,,,,,,,,,,,,,
YEAR_2020,H2_BIOMASS,,,,5.5527260742864265e-06,,,,,6.157933984186233e-06,,,,,,,,,,,,,,,,,,,,,,,-1.4319773904186207e-05
YEAR_2020,SYN_METHANATION,,,-1.006010020843285e-05,,,,5.030050104216425e-05,,-6.03606012505971e-05,,,1.4838647807438452e-05,,,,,,,,,,,,,,,,,,,,
YEAR_2020,ATM_CCS,,-3.4660977062102684e-06,3.4660977062102684e-06,,,-4.505927018073349e-06,,,,,,,,,,,,,,,,,,,,,,,,,,
YEAR_2020,INDUSTRY_CCS,,,6.5951250385112455e-06,-7.32791670945694e-06,,-1.7074045933034671e-06,,,,,,,,,,,,,,,,,,,,,,,,,,
YEAR_2020,AMMONIA_TO_H2,-3.0196050995949197e-05,,,,,,,,1.844894281931892e-05,-2.767341422897838e-06,,1.8448942819318921e-06,,,,,,,,,,,,,,,,,,,,
YEAR_2020,ELECTRICITY,,,,,,4.73994424071304,,,,,,,,,,,,,,,,,,,,,,,,,,
YEAR_2020,GASOLINE,,,,,,,,63437.99999865491,,,,,,,,,,,,,,,,,,,,,,,,
YEAR_2020,DIESEL,,,,,70948.99999887212,,,,,,,,,,,,,,,,,,,,,,,,,,,
YEAR_2020,BIOETHANOL,,,,,,,,6179.977816656551,,,,,,,,,,,,,,,,,,,,,,,,
YEAR_2020,BIODIESEL,,,,,2541.023776673074,,,,,,,,,,,,,,,,,,,,,,,,,,,
YEAR_2020,LFO,,,,,,,,,,,,,,,40769.00000000036,,,,,,,,,,,,,,,,,
YEAR_2020,GAS,,,,,,,79657.16857692241,,,,,,,,,,,,,,,,,,,,,,,,,
YEAR_2020,WOOD,,,,,,,,,,,,,,,,,,,,,,,,,,,,,,,,28127.48087308209
YEAR_2020,LOCAL_COAL,,,,,,,,,,,,,,,,40989.96901535007,,,,,,,,,,,,,,,,
YEAR_2020,URANIUM,,,,,,,,,,,,,,,,,,,,,,,,,,,,,2.214457006548804e-06,,,
YEAR_2020,ELEC_EXPORT,,,,,,-1.086614587109125e-05,,,,,,,,,,,,,,,,,,,,,,,,,,
YEAR_2020,CO2_EMISSIONS,,,,-30494.98822010968,,,,,,,,,,,,,,,,,,,,,,,,,,,,
YEAR_2020,RES_WIND,,,,,,,,,,,,,,,,,,,,,,,,,,,2.349687443257729,,,,,
YEAR_2020,RES_SOLAR,,,,,,,,,,,,,,,,,,,,,,,,,,220.6978388906463,,,,,,
YEAR_2020,RES_HYDRO,,,,,,,,,,,,,,,,,,,,,,,,,60841.99924562465,,,,,,,
YEAR_2020,CO2_ATM,,3.466097706210268e-06,,,,,,,,,,,,,,,,,,,,,,,,,,,,,,
YEAR_2020,END_USES,,,,,,-80118.53543861891,,,,-26473.9,-43715.260600711736,-8289.413543544093,-22423.0,,,,,-8800.470000000001,-20534.430000000004,-68448.1,-104364.30000000002,-243516.69999999998,-277.8,,,,,-5084.009794312146,,,,
YEAR_2025,CCGT,,,,751.1097488330772,,2365.998074822268,-3849.4374627695206,,,,,,,,,,,,,,,,,,,,,,,,,
YEAR_2025,CCGT_AMMONIA,-3.574361999487029e-05,,,,,1.7435912192619656e-05,,,,,,,,,,,,,,,,,,,,,,,,,,
YEAR_2025,LOCAL_COAL_CENTRAL,,,,1448.2698356671879,,2172.348272445698,,,,,,,,,,-4193.097437200841,,,,,,,,,,,,,,,,
YEAR_2025,PV,,,,,,30548.25913384491,,,,,,,,,,,,,,,,,,,,-30548.25913384491,,,,,,
YEAR_2025,WIND_ONSHORE,,,,,,2.349687975300188,,,,,,,,,,,,,,,,,,,,,-2.349687975300188,,,,,
YEAR_2025,HYDRO_DAM,,,,,,47680.76091822478,,,,,,,,,,,,,,,,,,,-47680.76091822478,,,,,,,
YEAR_2025,HYDRO_RIVER,,,,,,19289.870827850737,,,,,,,,,,,,,,,,,,,-19289.870827850737,,,,,,,
YEAR_2025,GEOTHERMAL,,,,,,1.4600514798077933e-05,,,,,,,,,,,,,,,,,,-1.4600514798077933e-05,,,,,,,,
YEAR_2025,IND_COGEN_GAS,,,,1291.0633966681671,,2840.2919612519017,-6485.910903875318,,,2969.463629118559,,,,,,,,,,,,,,,,,,,,,,
YEAR_2025,IND_COGEN_WOOD,,,,2.1223491284213733e-05,,9.794765306228676e-06,,,,2.8842065094901873e-05,,,,,,,,,,,,,,,,,,,,,,-5.4419208421060855e-05
YEAR_2025,IND_COGEN_WASTE,,,,1.1388184715579375e-05,,8.759353668235005e-06,,,,1.971051680520928e-05,,,,,,,,,,,,,,,,,,,,-4.388796285130407e-05,,
YEAR_2025,IND_BOILER_GAS,,,,8.539739541222924e-05,,,-0.00042901061186215585,,,0.0003959081845722264,,,,,,,,,,,,,,,,,,,,,,
YEAR_2025,IND_BOILER_WOOD,,,,4.531969314669819e-05,,,,,,0.00010045326884663748,,,,,,,,,,,,,,,,,,,,,,-0.00011675507283192425
YEAR_2025,IND_BOILER_OIL,,,,1.7198261331923587e-05,,,,,,5.771499779158615e-05,,,,,-6.646065263905133e-05,,,,,,,,,,,,,,,,,
YEAR_2025,IND_BOILER_COAL,,,,11213.022629039786,,,,,,25541.029176437944,,,,,,-31294.90254925583,,,,,,,,,,,,,,,,
YEAR_2025,IND_BOILER_WASTE,,,,606.8603283569369,,,,,,1913.9632521428607,,,,,,,,,,,,,,,,,,,,-2345.140168193532,,
YEAR_2025,IND_DIRECT_ELEC,,,,,,-3.8186690620114946e-05,,,,3.8186690620114946e-05,,,,,,,,,,,,,,,,,,,,,,
YEAR_2025,DHN_HP_ELEC,,,,,,-5390.41800974534,,,,,,20587.91913369111,,,,,,,,,,,,,,,,,,,,
YEAR_2025,DHN_COGEN_GAS,,,,2.7898092756062962e-05,,6.97452318901574e-05,-0.00014015155601276172,,,,,5.5796185512125924e-05,,,,,,,,,,,,,,,,,,,,
YEAR_2025,DHN_COGEN_WOOD,,,,0.00014885017852024935,,6.869522760755789e-05,,,,,,0.00020228276680670754,,,,,,,,,,,,,,,,,,,,-0.0003816671244108958
YEAR_2025,DHN_COGEN_WET_BIOMASS,,,,0.0002897532487908769,,9.62379596026437e-05,,,,,,0.0001164479311180344,,,,,,,,,,,,,,,,,,,-0.0007444370422605552,
YEAR_2025,DHN_COGEN_BIO_HYDROLYSIS,,,,2.103050234367732e-05,,1.3696788707457018e-05,,,,,,1.8064662276980122e-05,,,,,,,,,,,,,,,,,,,-5.403178404770874e-05,
YEAR_2025,DHN_COGEN_WASTE,,,,9.360795301022062e-06,,7.1999637084770555e-06,,,,,,1.6201538497923166e-05,,,,,,,,,,,,,,,,,,-3.6074778087142847e-05,,
YEAR_2025,DHN_BOILER_GAS,,,,108.20431306622332,,,-543.5856483746704,,,,,501.6426196857827,,,,,,,,,,,,,,,,,,,,
YEAR_2025,DHN_BOILER_WOOD,,,,7.900558090276047e-05,,,,,,,,0.00017511965125447846,,,,,,,,,,,,,,,,,,,,-0.00020353849975487593
YEAR_2025,DHN_BOILER_OIL,,,,3.217195433880054e-05,,,,,,,,0.0001079646504829104,,,-0.00012432472334058275,,,,,,,,,,,,,,,,,
YEAR_2025,DEC_HP_ELEC,,,,,,-1.3411361736247887e-05,,,,,3.842090411700149e-05,,,,,,,,,,,,,,,,,,,,,
YEAR_2025,DEC_THHP_GAS,,,,,,,-10814.6455255404,,,,15488.588841794652,,,,,,,,,,,,,,,,,,,,,
YEAR_2025,DEC_COGEN_GAS,,,,,,9.72457955019669e-06,-2.220643419785034e-05,,,,1.0166836957863763e-05,,,,,,,,,,,,,,,,,,,,,
YEAR_2025,DEC_COGEN_OIL,,,,,,2.0239990321400948e-05,,,,,2.2315314577068298e-05,,,,-5.214245053695088e-05,,,,,,,,,,,,,,,,,
YEAR_2025,DEC_ADVCOGEN_GAS,,,,,,6.198739941777945e-06,-1.0687442120069658e-05,,,,2.351213754277782e-06,,,,,,,,,,,,,,,,,,,,,
YEAR_2025,DEC_ADVCOGEN_H2,,,,,,5.22300316757514e-06,,,-9.005143718029434e-06,,1.981111806848407e-06,,,,,,,,,,,,,,,,,,,,,
YEAR_2025,DEC_BOILER_GAS,,,,,,,-16628.316750238024,,,,14895.042111931216,,,,,,,,,,,,,,,,,,,,,
YEAR_2025,DEC_BOILER_WOOD,,,,,,,,,,,1778.1751175833735,,,,,,,,,,,,,,,,,,,,,-2101.9378262245386
YEAR_2025,DEC_BOILER_OIL,,,,,,,,,,,3.4534665938443385e-05,,,,-4.082259386842353e-05,,,,,,,,,,,,,,,,,
YEAR_2025,DEC_DIRECT_ELEC,,,,,,-2818.17121760175,,,,,2818.17121760175,,,,,,,,,,,,,,,,,,,,,
YEAR_2025,IND_ELEC_COLD,,,,,,-146.35658435694532,,,,,,,,,,,,,,,,,315.0,,,,,,,,,
YEAR_2025,DEC_THHP_GAS_COLD,,,,,,,-180.97260216505674,,,,,,,,,,,,,,,,,,,,,257.0879653440081,,,,
YEAR_2025,DEC_ELEC_COLD,,,,,,-1989.239138516199,,,,,,,,,,,,,,,,,,,,,,5414.9229838217725,,,,
YEAR_2025,TRAMWAY_TROLLEY,,,,,,-605.5746053600518,,,,,,,,,,,,,,,,8965.774995981841,,,,,,,,,,
YEAR_2025,BUS_COACH_DIESEL,,,,,-51536.13939512065,,,,,,,,,,,,,,,,,182638.2589875046,,,,,,,,,,
YEAR_2025,BUS_COACH_GASOLINE,,,,,,,,-21405.59040306918,,,,,,,,,,,,,,60878.441017568184,,,,,,,,,,
YEAR_2025,BUS_COACH_HYDIESEL,,,,,-3.916629072206148e-06,,,,,,,,,,,,,,,,,1.80827123245076e-05,,,,,,,,,,
YEAR_2025,BUS_COACH_CNG_STOICH,,,,,,,-1061.7173865083464,,,,,,,,,,,,,,,3682.524953695518,,,,,,,,,,
YEAR_2025,BUS_COACH_FC_HYBRIDH2,,,,,,,,,-2.399442793059964e-06,,,,,,,,,,,,,9.367623464560674e-06,,,,,,,,,,
YEAR_2025,TRAIN_PUB,,,,,,-1.4921917742201937e-06,,,,,,,,,,,,,,,,2.130835041214498e-05,,,,,,,,,,
YEAR_2025,CAR_GASOLINE,,,,,,,,-18420.446397955144,,,,,,,,,,,,,34440.2190077767,,,,,,,,,,,
YEAR_2025,CAR_DIESEL,,,,,-8.960725631358275e-06,,,,,,,,,,,,,,,,1.9395364307464854e-05,,,,,,,,,,,
YEAR_2025,CAR_NG,,,,,,,-6773.685444556185,,,,,,,,,,,,,,18256.580896927273,,,,,,,,,,,
YEAR_2025,CAR_METHANOL,,,,,,,,,,,,,,,,,-1.2161501684768209e-05,,,,2.4581660996738603e-05,,,,,,,,,,,
YEAR_2025,CAR_HEV,,,,,,,,-3.2299259398328193e-06,,,,,,,,,,,,,8.766444662808221e-06,,,,,,,,,,,
YEAR_2025,CAR_PHEV,,,,,,-1.6623885247540004e-06,,-1.3132386082194978e-06,,,,,,,,,,,,,1.1093105171510674e-05,,,,,,,,,,,
YEAR_2025,CAR_BEV,,,,,,-5.634417624636942e-06,,,,,,,,,,,,,,,3.0676273798895485e-05,,,,,,,,,,,
YEAR_2025,CAR_FUEL_CELL,,,,,,,,,-4.38783302998316e-07,,,,,,,,,,,,1.8146996163022193e-06,,,,,,,,,,,
YEAR_2025,MOTORCYCLE,,,,,,,,-8201.290792798725,,,,,,,,,,,,,57088.199866342235,,,,,,,,,,,
YEAR_2025,MOTORCYCLE_ELECTRIC,,,,,,-6.971772661206698e-06,,,,,,,,,,,,,,,0.0001336529190611578,,,,,,,,,,,
YEAR_2025,TRAIN_FREIGHT,,,,,,-2427.7217256504996,,,,,,,,,,,,,32891.0999968758,,,,,,,,,,,,,
YEAR_2025,BOAT_FREIGHT_DIESEL,,,,,-1000.7952717146734,,,,,,,,,,,,,8800.47005455476,,,,,,,,,,,,,,
YEAR_2025,BOAT_FREIGHT_NG,,,,,,,-4641.939127368813,,,,,,,,,,,35054.329882114136,,,,,,,,,,,,,,
YEAR_2025,BOAT_FREIGHT_METHANOL,,,,,,,,,,,,,,,,,-7.622191715361194e-06,5.8306793384198095e-05,,,,,,,,,,,,,,
YEAR_2025,TRUCK_DIESEL,,,,,-17918.951639654642,,,,,,,,,,,,,,,32891.09991133245,,,,,,,,,,,,
YEAR_2025,TRUCK_GASOLINE,,,,,,,,-4.691038574127308e-05,,,,,,,,,,,,8.182537027491713e-05,,,,,,,,,,,,
YEAR_2025,TRUCK_FUEL_CELL,,,,,,,,,-2.0597793758124003e-06,,,,,,,,,,,4.121294030719023e-06,,,,,,,,,,,,
YEAR_2025,TRUCK_NG,,,,,,,-3.278496241826739e-06,,,,,,,,,,,,,5.161429739853991e-06,,,,,,,,,,,,
YEAR_2025,TRUCK_METHANOL,,,,,,,,,,,,,,,,,-1.9163179031261385e-06,,,3.0599337476579873e-06,,,,,,,,,,,,
YEAR_2025,TRUCK_ELEC,,,,,,-4.858677528665983e-07,,,,,,,,,,,,,,1.8055890993725417e-06,,,,,,,,,,,,
YEAR_2025,HABER_BOSCH,3.6434216838050964e-05,,,,,-4.465129571523293e-06,,,-4.117066502699758e-05,,,4.883724511262888e-06,,,,,,,,,,,,,,,,,,,,
YEAR_2025,OIL_TO_HVC,,,,5650.461795730818,,-562.8142464422115,,,,-457.45665835990286,,,26561.999860407264,,-48294.54519591103,,,,,,,,,,,,,,,,,
YEAR_2025,GAS_TO_HVC,,,,6.419517834755193e-06,,-1.0112636693667304e-05,-6.003374803600264e-05,,,,,,2.1489352987473866e-05,,,,,,,,,,,,,,,,,,,
YEAR_2025,BIOMASS_TO_HVC,,,,1.45768909108804e-05,,-6.235496792521268e-07,,,,-1.1337266895493214e-06,,,2.180243633748695e-05,,,,,,,,,,,,,,,,,,,-5.2210630883392175e-05
YEAR_2025,METHANOL_TO_HVC,,,,,,,,,,-3.1784066040194905e-05,,,9.631535163695426e-05,,,,-0.00011954231329712957,,,,,,,,,,,,,,,
YEAR_2025,SYN_METHANOLATION,,,-7.0062642381255695e-06,,,-9.923269262089864e-07,,,-3.636586323527549e-05,,,2.3693422742068706e-06,,,,,2.8515141557729494e-05,,,,,,,,,,,,,,,
YEAR_2025,METHANE_TO_METHANOL,,,,3.622128239598499e-06,,,-9.214256068120643e-05,,,,,,,,,,6.02612346763493e-05,,,,,,,,,,,,,,,
YEAR_2025,BIOMASS_TO_METHANOL,,,,7.179602704214559e-06,,6.041818032238323e-07,,,,,,6.646037294808874e-06,,,,,1.872967335928552e-05,,,,,,,,,,,,,,,-3.0383105664675726e-05
YEAR_2025,DAM_STORAGE,,,,,,-95.31384107662905,,,,,,,,,,,,,,,,,,,,,,,,,,
YEAR_2025,TS_DHN_SEASONAL,,,,,,,,,,,,-0.061754221057583436,,,,,,,,,,,,,,,,,,,,
YEAR_2025,GAS_STORAGE,,,,,,,-19.665478313503655,,,,,,,,,,,,,,,,,,,,,,,,,
YEAR_2025,H2_STORAGE,,,,,,,,,-3.5824794155832886e-05,,,,,,,,,,,,,,,,,,,,,,,
YEAR_2025,CO2_STORAGE,,,3.537209587733958e-18,,,,,,,,,,,,,,,,,,,,,,,,,,,,,
YEAR_2025,GASOLINE_STORAGE,,,,,,,,-2.0186489198964486e-17,,,,,,,,,,,,,,,,,,,,,,,,
YEAR_2025,DIESEL_STORAGE,,,,,5.139118297581291e-17,,,,,,,,,,,,,,,,,,,,,,,,,,,
YEAR_2025,METHANOL_STORAGE,,,,,,,,,,,,,,,,,-3.0574501264091225e-16,,,,,,,,,,,,,,,
YEAR_2025,AMMONIA_STORAGE,7.754213937616328e-16,,,,,,,,,,,,,,,,,,,,,,,,,,,,,,,
YEAR_2025,LFO_STORAGE,,,,,,,,,,,,,,,9.81880592457185e-17,,,,,,,,,,,,,,,,,
YEAR_2025,TS_COLD,,,,,,,,,,,,,,,,,,,,,,,,,,,,-2.2071756105528285e-05,,,,
YEAR_2025,H2_ELECTROLYSIS,,,,,,-1.914654513124059e-05,,,1.745714408306054e-05,-3.3800682804775938e-06,,5.102812770627741e-07,,,,,,,,,,,,,,,,,,,,
YEAR_2025,SMR,,,,3.432113882933228e-05,,,-0.00017160569414666142,,0.0001257553086227916,,,,,,,,,,,,,,,,,,,,,,,
YEAR_2025,H2_BIOMASS,,,,8.495723194276078e-06,,,,,9.421696996820604e-06,,,,,,,,,,,,,,,,,,,,,,,-2.190938895004253e-05
YEAR_2025,GASIFICATION_SNG,,,,4.242058188427109e-06,,,1.0604747793025532e-05,,,,,3.5844047540426303e-06,,,,,,,,,,,,,,,,,,,,-1.7177600656254978e-05
YEAR_2025,SYN_METHANATION,,,-8.990007396476298e-06,,,,4.495003698238149e-05,,-5.394004437885778e-05,,,1.3260260909802539e-05,,,,,,,,,,,,,,,,,,,,
YEAR_2025,BIOMETHANATION,,,,0.001781465190617095,,,0.0016121594314455463,,,,,,,,,,,,,,,,,,,,,,,,-0.0053946078895030876,
YEAR_2025,BIO_HYDROLYSIS,,,,4.511769209933204e-05,,5.909324452104634e-06,6.249110591852963e-05,,,,,,,,,,,,,,,,,,,,,,,,-0.0001477331109276692,
YEAR_2025,PYROLYSIS_TO_LFO,,,,6.386417732087764e-06,,4.667301536363935e-07,,,,,,,,,1.9610510656991323e-05,,,,,,,,,,,,,,,,,-2.9618741556023533e-05
YEAR_2025,PYROLYSIS_TO_FUELS,,,,1.4932222498882976e-05,1.1041176357208752e-05,6.198555147906668e-07,,2.421310604651042e-05,,,,,,,,,,,,,,,,,,,,,,,,-6.180685430123191e-05
YEAR_2025,ATM_CCS,,-5.607561660397583e-06,5.607561660397583e-06,,,-7.289830158516857e-06,,,,,,,,,,,,,,,,,,,,,,,,,,
YEAR_2025,INDUSTRY_CCS,,,1.0390555860383432e-05,-1.1545062067092702e-05,,-2.6899994616326e-06,,,,,,,,,,,,,,,,,,,,,,,,,,
YEAR_2025,AMMONIA_TO_H2,-4.094261604378542e-05,,,,,,,,2.564016340752525e-05,-3.846024511128788e-06,,2.564016340752525e-06,,,,,,,,,,,,,,,,,,,,
YEAR_2025,ELECTRICITY,,,,,,3.43187150238351e-05,,,,,,,,,,,,,,,,,,,,,,,,,,
YEAR_2025,GASOLINE,,,,,,,,48027.32760501916,,,,,,,,,,,,,,,,,,,,,,,,
YEAR_2025,DIESEL,,,,,70455.88629590318,,,,,,,,,,,,,,,,,,,,,,,,,,,
YEAR_2025,BIOETHANOL,,,,,,,,1.424001756585253e-05,,,,,,,,,,,,,,,,,,,,,,,,
YEAR_2025,BIODIESEL,,,,,1.260084376106287e-05,,,,,,,,,,,,,,,,,,,,,,,,,,,
YEAR_2025,LFO,,,,,,,,,,,,,,,48294.545460038,,,,,,,,,,,,,,,,,
YEAR_2025,GAS,,,,,,,50999.87552804817,,,,,,,,,,,,,,,,,,,,,,,,,
YEAR_2025,GAS_RE,,,,,,,7.772435114967449e-07,,,,,,,,,,,,,,,,,,,,,,,,,
YEAR_2025,WOOD,,,,,,,,,,,,,,,,,,,,,,,,,,,,,,,,2101.938795666992
YEAR_2025,WET_BIOMASS,,,,,,,,,,,,,,,,,,,,,,,,,,,,,,,0.006340790209506855,
YEAR_2025,LOCAL_COAL,,,,,,,,,,,,,,,,35487.99998645337,,,,,,,,,,,,,,,,
YEAR_2025,WASTE,,,,,,,,,,,,,,,,,,,,,,,,,,,,,,2345.140248150694,,
YEAR_2025,H2,,,,,,,,,2.074016811080801e-06,,,,,,,,,,,,,,,,,,,,,,,
YEAR_2025,H2_RE,,,,,,,,,8.508391327949358e-07,,,,,,,,,,,,,,,,,,,,,,,
YEAR_2025,AMMONIA,2.215626520046125e-05,,,,,,,,,,,,,,,,,,,,,,,,,,,,,,,
YEAR_2025,AMMONIA_RE,1.810536715532848e-05,,,,,,,,,,,,,,,,,,,,,,,,,,,,,,,
YEAR_2025,METHANOL,,,,,,,,,,,,,,,,,2.140789571906788e-05,,,,,,,,,,,,,,,
YEAR_2025,METHANOL_RE,,,,,,,,,,,,,,,,,1.233581940208353e-05,,,,,,,,,,,,,,,
YEAR_2025,ELEC_EXPORT,,,,,,-1.812003586110222e-05,,,,,,,,,,,,,,,,,,,,,,,,,,
YEAR_2025,CO2_EMISSIONS,,,,-21068.9947511731,,,,,,,,,,,,,,,,,,,,,,,,,,,,
YEAR_2025,RES_WIND,,,,,,,,,,,,,,,,,,,,,,,,,,,2.349687975300188,,,,,
YEAR_2025,RES_SOLAR,,,,,,,,,,,,,,,,,,,,,,,,,,30548.25913384491,,,,,,
YEAR_2025,RES_HYDRO,,,,,,,,,,,,,,,,,,,,,,,,,66970.63174607552,,,,,,,
YEAR_2025,RES_GEO,,,,,,,,,,,,,,,,,,,,,,,,1.460051479807793e-05,,,,,,,,
YEAR_2025,CO2_ATM,,5.607561660397583e-06,,,,,,,,,,,,,,,,,,,,,,,,,,,,,,
YEAR_2025,END_USES,,,,,,-90864.26976585208,,,,-29967.000000000004,-34979.97739910076,-21089.50072484018,-26562.000000000004,,,,,-43854.7999958355,-32891.0999968758,-32891.10000728869,-109785.00000127498,-256164.999998725,-315.0,,,,,-5672.010927092544,,,,
YEAR_2030,CCGT,,,,3206.81177834026,,10101.46720323902,-16165.485606577922,,,,,,,,,,,,,,,,,,,,,,,,,
YEAR_2030,CCGT_AMMONIA,-4.438336939334482e-05,,,,,2.201126449177053e-05,,,,,,,,,,,,,,,,,,,,,,,,,,
YEAR_2030,LOCAL_COAL_CENTRAL,,,,0.005041071845763517,,0.007561411171954804,,,,,,,,,,-0.014103960358492295,,,,,,,,,,,,,,,,
YEAR_2030,PV,,,,,,30548.259171894777,,,,,,,,,,,,,,,,,,,,-30548.259171894777,,,,,,
YEAR_2030,WIND_ONSHORE,,,,,,9398.749692873454,,,,,,,,,,,,,,,,,,,,,-9398.749692873454,,,,,
YEAR_2030,WIND_OFFSHORE,,,,,,6573.884652731526,,,,,,,,,,,,,,,,,,,,,-6573.884652731526,,,,,
YEAR_2030,HYDRO_DAM,,,,,,53625.5342789638,,,,,,,,,,,,,,,,,,,-53625.5342789638,,,,,,,
YEAR_2030,HYDRO_RIVER,,,,,,19289.8708404094,,,,,,,,,,,,,,,,,,,-19289.8708404094,,,,,,,
YEAR_2030,GEOTHERMAL,,,,,,3.7442323192240194e-05,,,,,,,,,,,,,,,,,,-3.7442323192240194e-05,,,,,,,,
YEAR_2030,IND_COGEN_GAS,,,,1294.9487584765716,,2848.8396142482193,-6474.743792382858,,,2978.400014896204,,,,,,,,,,,,,,,,,,,,,,
YEAR_2030,IND_COGEN_WOOD,,,,3.4796473900218625e-05,,1.6058776135030205e-05,,,,4.728732666381097e-05,,,,,,,,,,,,,,,,,,,,,,-8.922172794927854e-05
YEAR_2030,IND_COGEN_WASTE,,,,1.771307249008234e-05,,1.3624214075089472e-05,,,,3.065754742369368e-05,,,,,,,,,,,,,,,,,,,,-6.81949901369727e-05,,
YEAR_2030,IND_BOILER_GAS,,,,2857.5865498804037,,,-14287.932749402018,,,13247.967315161815,,,,,,,,,,,,,,,,,,,,,,
YEAR_2030,IND_BOILER_WOOD,,,,8.054901418303659e-05,,,,,,0.00017854074498846638,,,,,,,,,,,,,,,,,,,,,,-0.0002065359338026579
YEAR_2030,IND_BOILER_OIL,,,,1.0538376236387612e-05,,,,,,3.53653401045271e-05,,,,,-4.05322162937985e-05,,,,,,,,,,,,,,,,,
YEAR_2030,IND_BOILER_COAL,,,,5685.834919944972,,,,,,12951.197940742954,,,,,,-15793.985888736031,,,,,,,,,,,,,,,,
YEAR_2030,IND_BOILER_WASTE,,,,2690.2199486535883,,,,,,8484.624684308159,,,,,,,,,,,,,,,,,,,,-10346.9998025138,,
YEAR_2030,IND_DIRECT_ELEC,,,,,,-4.644290356490635e-05,,,,4.644290356490635e-05,,,,,,,,,,,,,,,,,,,,,,
YEAR_2030,DHN_HP_ELEC,,,,,,-7805.473327839344,,,,,,30617.598545215824,,,,,,,,,,,,,,,,,,,,
YEAR_2030,DHN_COGEN_GAS,,,,8.110782718447929e-05,,0.00020276956796119822,-0.00040553913592239645,,,,,0.00016221565436895857,,,,,,,,,,,,,,,,,,,,
YEAR_2030,DHN_COGEN_WOOD,,,,6.923021801293102e-05,,3.1950150352504824e-05,,,,,,9.408171481891879e-05,,,,,,,,,,,,,,,,,,,,-0.00017751337952033597
YEAR_2030,DHN_COGEN_WET_BIOMASS,,,,0.0005519490417269878,,0.00018332305091349238,,,,,,0.0002218208916031076,,,,,,,,,,,,,,,,,,,-0.0014166621658313124,
YEAR_2030,DHN_COGEN_BIO_HYDROLYSIS,,,,4.368717086071564e-05,,2.845267025614785e-05,,,,,,3.752615960088186e-05,,,,,,,,,,,,,,,,,,,-0.0001121298479356931,
YEAR_2030,DHN_COGEN_WASTE,,,,1.4040631199902597e-05,,1.0799513484967626e-05,,,,,,2.430133547472463e-05,,,,,,,,,,,,,,,,,,-5.405616144405999e-05,,
YEAR_2030,DHN_BOILER_GAS,,,,208.05814199741312,,,-1040.2907099870656,,,,,964.5718219629723,,,,,,,,,,,,,,,,,,,,
YEAR_2030,DHN_BOILER_WOOD,,,,0.00011772420908198835,,,,,,,,0.0002609413436757198,,,,,,,,,,,,,,,,,,,,-0.0003018569463640727
YEAR_2030,DHN_BOILER_OIL,,,,1.6825192379322937e-05,,,,,,,,5.646302973738008e-05,,,-6.47122783820113e-05,,,,,,,,,,,,,,,,,
YEAR_2030,DEC_HP_ELEC,,,,,,-3.8629850150897684e-05,,,,,0.00011365789284321624,,,,,,,,,,,,,,,,,,,,,
YEAR_2030,DEC_THHP_GAS,,,,,,,-10530.049658046693,,,,15488.588930125137,,,,,,,,,,,,,,,,,,,,,
YEAR_2030,DEC_COGEN_GAS,,,,,,1.940684399147182e-05,-4.4107201414595495e-05,,,,2.028943438732025e-05,,,,,,,,,,,,,,,,,,,,,
YEAR_2030,DEC_COGEN_OIL,,,,,,1.4855182829508505e-05,,,,,1.637837136660254e-05,,,,-3.808954045017087e-05,,,,,,,,,,,,,,,,,
YEAR_2030,DEC_ADVCOGEN_GAS,,,,,,1.0783763382011988e-05,-1.8592624963182934e-05,,,,4.090336588534361e-06,,,,,,,,,,,,,,,,,,,,,
YEAR_2030,DEC_ADVCOGEN_H2,,,,,,8.535262246423096e-06,,,-1.4715913571960315e-05,,3.2374686111451582e-06,,,,,,,,,,,,,,,,,,,,,
YEAR_2030,DEC_BOILER_GAS,,,,,,,-14349.594977643192,,,,12914.764627525148,,,,,,,,,,,,,,,,,,,,,
YEAR_2030,DEC_BOILER_WOOD,,,,,,,,,,,0.0003648526197014616,,,,,,,,,,,,,,,,,,,,,-0.00042924910707876966
YEAR_2030,DEC_BOILER_OIL,,,,,,,,,,,3.920012439696423e-05,,,,-4.611894635302842e-05,,,,,,,,,,,,,,,,,
YEAR_2030,DEC_DIRECT_ELEC,,,,,,-1599.6458883132855,,,,,1599.6458883132855,,,,,,,,,,,,,,,,,,,,,
YEAR_2030,IND_ELEC_COLD,,,,,,-162.04083663412507,,,,,,,,,,,,,,,,,373.00000000000006,,,,,,,,,
YEAR_2030,DEC_THHP_GAS_COLD,,,,,,,-559.1262810841464,,,,,,,,,,,,,,,,,,,,,805.5133861528675,,,,
YEAR_2030,DEC_ELEC_COLD,,,,,,-1930.0026171981506,,,,,,,,,,,,,,,,,,,,,,5736.499246315994,,,,
YEAR_2030,TRAMWAY_TROLLEY,,,,,,-642.6479875205587,,,,,,,,,,,,,,,,9898.514494565907,,,,,,,,,,
YEAR_2030,BUS_COACH_DIESEL,,,,,-49966.93010586604,,,,,,,,,,,,,,,,,182638.25899797166,,,,,,,,,,
YEAR_2030,BUS_COACH_GASOLINE,,,,,,,,-20753.81880953151,,,,,,,,,,,,,,60878.441008818336,,,,,,,,,,
YEAR_2030,BUS_COACH_HYDIESEL,,,,,-9.116765538331054e-06,,,,,,,,,,,,,,,,,4.410269960757386e-05,,,,,,,,,,
YEAR_2030,BUS_COACH_CNG_STOICH,,,,,,,-8163.586457040607,,,,,,,,,,,,,,,29399.485405301082,,,,,,,,,,
YEAR_2030,BUS_COACH_FC_HYBRIDH2,,,,,,,,,-4.98899810306305e-06,,,,,,,,,,,,,2.0800811028737835e-05,,,,,,,,,,
YEAR_2030,TRAIN_PUB,,,,,,-2.082298589009157e-06,,,,,,,,,,,,,,,,3.093462748022079e-05,,,,,,,,,,
YEAR_2030,CAR_GASOLINE,,,,,,,,-1.1853936489904053e-05,,,,,,,,,,,,,2.301178534285085e-05,,,,,,,,,,,
YEAR_2030,CAR_DIESEL,,,,,-1.1052748858283777e-05,,,,,,,,,,,,,,,,2.4674836197901657e-05,,,,,,,,,,,
YEAR_2030,CAR_NG,,,,,,,-929.7800210501215,,,,,,,,,,,,,,2601.9359077983318,,,,,,,,,,,
YEAR_2030,CAR_METHANOL,,,,,,,,,,,,,,,,,-1.374844762231289e-05,,,,2.8853576201668752e-05,,,,,,,,,,,
YEAR_2030,CAR_HEV,,,,,,,,-4.6174249700135565e-06,,,,,,,,,,,,,1.3131188546446166e-05,,,,,,,,,,,
YEAR_2030,CAR_PHEV,,,,,,-2.5967520200373193e-06,,-2.051358608102377e-06,,,,,,,,,,,,,1.8099924736555387e-05,,,,,,,,,,,
YEAR_2030,CAR_BEV,,,,,,-9577.91085915361,,,,,,,,,,,,,,,55577.08798168528,,,,,,,,,,,
YEAR_2030,CAR_FUEL_CELL,,,,,,,,,-8.553371029339393e-07,,,,,,,,,,,,3.7114370965080237e-06,,,,,,,,,,,
YEAR_2030,MOTORCYCLE,,,,,,,,-8720.642917510724,,,,,,,,,,,,,63027.27548196211,,,,,,,,,,,
YEAR_2030,MOTORCYCLE_ELECTRIC,,,,,,-2.5401009913809634e-05,,,,,,,,,,,,,,,0.0005189883879701143,,,,,,,,,,,
YEAR_2030,TRAIN_FREIGHT,,,,,,-2737.96311701564,,,,,,,,,,,,,38590.79999870385,,,,,,,,,,,,,
YEAR_2030,BOAT_FREIGHT_DIESEL,,,,,-970.3223620709646,,,,,,,,,,,,,8800.470239482409,,,,,,,,,,,,,,
YEAR_2030,BOAT_FREIGHT_NG,,,,,,,-5439.949321850998,,,,,,,,,,,42653.92966004304,,,,,,,,,,,,,,
YEAR_2030,BOAT_FREIGHT_METHANOL,,,,,,,,,,,,,,,,,-1.1915629849932682e-05,9.401248017307577e-05,,,,,,,,,,,,,,
YEAR_2030,TRUCK_DIESEL,,,,,-17373.34261465021,,,,,,,,,,,,,,,32891.10007244477,,,,,,,,,,,,
YEAR_2030,TRUCK_GASOLINE,,,,,,,,-3168.1357774012045,,,,,,,,,,,,5699.699724695441,,,,,,,,,,,,
YEAR_2030,TRUCK_FUEL_CELL,,,,,,,,,-3.32938029233635e-05,,,,,,,,,,,7.114169416031461e-05,,,,,,,,,,,,
YEAR_2030,TRUCK_NG,,,,,,,-6.8858599378284e-05,,,,,,,,,,,,,0.0001125577694818279,,,,,,,,,,,,
YEAR_2030,TRUCK_METHANOL,,,,,,,,,,,,,,,,,-9.067086437332425e-06,,,1.4932806473851278e-05,,,,,,,,,,,,
YEAR_2030,TRUCK_ELEC,,,,,,-1.8038199683603945e-06,,,,,,,,,,,,,,6.973819976400212e-06,,,,,,,,,,,,
YEAR_2030,HABER_BOSCH,5.9574609080959614e-05,,,,,-7.301058505023787e-06,,,-6.731930826148436e-05,,,7.985514822806085e-06,,,,,,,,,,,,,,,,,,,,
YEAR_2030,OIL_TO_HVC,,,,5818.877992948012,,-579.5893417445236,,,,-471.0914927465135,,,27353.699931780786,,-49733.99987099166,,,,,,,,,,,,,,,,,
YEAR_2030,GAS_TO_HVC,,,,4.63326341630258e-05,,-7.298758386721514e-05,-0.0004332913712192298,,,,,,0.0001550986158147688,,,,,,,,,,,,,,,,,,,
YEAR_2030,BIOMASS_TO_HVC,,,,0.0004389968146720658,,-1.8778786550234197e-05,,,,-3.414324827315308e-05,,,0.000656600928329867,,,,,,,,,,,,,,,,,,,-0.001572372379676664
YEAR_2030,METHANOL_TO_HVC,,,,,,,,,,-1716.098754530832,,,5200.299256154036,,,,-6454.379206974507,,,,,,,,,,,,,,,
YEAR_2030,SYN_METHANOLATION,,,-1.7827988319774724e-05,,,-2.495692539355548e-06,,,-9.1459790855584e-05,,,6.0289770631616195e-06,,,,,7.255901195698139e-05,,,,,,,,,,,,,,,
YEAR_2030,METHANE_TO_METHANOL,,,,387.95402600915156,,,-9869.081108798355,,,,,,,,,,6454.379044173058,,,,,,,,,,,,,,,
YEAR_2030,BIOMASS_TO_METHANOL,,,,2.3821477284869095e-05,,2.0046378183265083e-06,,,,,,2.20511402893849e-05,,,,,6.214389665591506e-05,,,,,,,,,,,,,,,-0.00010080926358362195
YEAR_2030,DAM_STORAGE,,,,,,-107.19743482043395,,,,,,,,,,,,,,,,,,,,,,,,,,
YEAR_2030,TS_DHN_SEASONAL,,,,,,,,,,,,-0.06272706196398303,,,,,,,,,,,,,,,,,,,,
YEAR_2030,GAS_STORAGE,,,,,,,-17.25691327608014,,,,,,,,,,,,,,,,,,,,,,,,,
YEAR_2030,H2_STORAGE,,,,,,,,,-4.71830187846171e-05,,,,,,,,,,,,,,,,,,,,,,,
YEAR_2030,CO2_STORAGE,,,2.0857339293189892e-17,,,,,,,,,,,,,,,,,,,,,,,,,,,,,
YEAR_2030,GASOLINE_STORAGE,,,,,,,,-1.7287603640281368e-16,,,,,,,,,,,,,,,,,,,,,,,,
YEAR_2030,DIESEL_STORAGE,,,,,1.9653874881730982e-16,,,,,,,,,,,,,,,,,,,,,,,,,,,
YEAR_2030,METHANOL_STORAGE,,,,,,,,,,,,,,,,,1.4477805621027073e-09,,,,,,,,,,,,,,,
YEAR_2030,AMMONIA_STORAGE,-6.808112016851164e-16,,,,,,,,,,,,,,,,,,,,,,,,,,,,,,,
YEAR_2030,LFO_STORAGE,,,,,,,,,,,,,,,9.054443392969569e-17,,,,,,,,,,,,,,,,,
YEAR_2030,TS_COLD,,,,,,,,,,,,,,,,,,,,,,,,,,,,-2.938979977059735e-05,,,,
YEAR_2030,H2_ELECTROLYSIS,,,,,,-3.561400939518749e-05,,,3.3100079322958966e-05,-6.2848251971213444e-06,,6.284825263321503e-07,,,,,,,,,,,,,,,,,,,,
YEAR_2030,SMR,,,,6.356260501679465e-05,,,-0.0003178130250839732,,0.00023289830359370748,,,,,,,,,,,,,,,,,,,,,,,
YEAR_2030,H2_BIOMASS,,,,1.3558991570841784e-05,,,,,1.5036825852446031e-05,,,,,,,,,,,,,,,,,,,,,,,-3.4966913740323914e-05
YEAR_2030,GASIFICATION_SNG,,,,7.506423520549403e-06,,,1.8765355100557236e-05,,,,,6.342690023988346e-06,,,,,,,,,,,,,,,,,,,,-2.9672457120739136e-05
YEAR_2030,SYN_METHANATION,,,-9.165208959573606e-06,,,,4.582604479786802e-05,,-5.499125375744162e-05,,,1.3518683215371066e-05,,,,,,,,,,,,,,,,,,,,
YEAR_2030,BIOMETHANATION,,,,0.0019652857210550262,,,0.0017785101428709994,,,,,,,,,,,,,,,,,,,,,,,,-0.005951250640074938,
YEAR_2030,BIO_HYDROLYSIS,,,,9.064337335744051e-05,,1.1872085598330127e-05,0.0001255473048759181,,,,,,,,,,,,,,,,,,,,,,,,-0.0002968021392049693,
YEAR_2030,PYROLYSIS_TO_LFO,,,,2.100640787960813e-05,,1.5351836331872936e-06,,,,,,,,,6.45035139994661e-05,,,,,,,,,,,,,,,,,-9.742290468730949e-05
YEAR_2030,PYROLYSIS_TO_FUELS,,,,2.4071700531437113e-05,1.779908455056806e-05,9.992468519617158e-07,,3.903308015475452e-05,,,,,,,,,,,,,,,,,,,,,,,,-9.963661388254273e-05
YEAR_2030,ATM_CCS,,-8.534955719765822e-06,8.534955719765822e-06,,,-1.109544243569557e-05,,,,,,,,,,,,,,,,,,,,,,,,,,
YEAR_2030,INDUSTRY_CCS,,,1.8459245476398042e-05,-2.051027275155338e-05,,-4.778893551111938e-06,,,,,,,,,,,,,,,,,,,,,,,,,,
YEAR_2030,AMMONIA_TO_H2,-4.6430239447791714e-05,,,,,,,,2.9785956925732834e-05,-4.467893538859925e-06,,2.9785956925732835e-06,,,,,,,,,,,,,,,,,,,,
YEAR_2030,ELECTRICITY,,,,,,4.398787932785266e-05,,,,,,,,,,,,,,,,,,,,,,,,,,
YEAR_2030,GASOLINE,,,,,,,,32642.59746497313,,,,,,,,,,,,,,,,,,,,,,,,
YEAR_2030,DIESEL,,,,,68310.59506620096,,,,,,,,,,,,,,,,,,,,,,,,,,,
YEAR_2030,BIOETHANOL,,,,,,,,1.946174771434055e-05,,,,,,,,,,,,,,,,,,,,,,,,
YEAR_2030,BIODIESEL,,,,,1.807730629895096e-05,,,,,,,,,,,,,,,,,,,,,,,,,,,
YEAR_2030,LFO,,,,,,,,,,,,,,,49733.99999535579,,,,,,,,,,,,,,,,,
YEAR_2030,GAS,,,,,,,87826.87687536702,,,,,,,,,,,,,,,,,,,,,,,,,
YEAR_2030,GAS_RE,,,,,,,1.176431035979011e-06,,,,,,,,,,,,,,,,,,,,,,,,,
YEAR_2030,WOOD,,,,,,,,,,,,,,,,,,,,,,,,,,,,,,,,0.003139215014121725
YEAR_2030,WET_BIOMASS,,,,,,,,,,,,,,,,,,,,,,,,,,,,,,,0.00777682594174646,
YEAR_2030,LOCAL_COAL,,,,,,,,,,,,,,,,15793.99999270624,,,,,,,,,,,,,,,,
YEAR_2030,WASTE,,,,,,,,,,,,,,,,,,,,,,,,,,,,,,10346.99992475638,,
YEAR_2030,H2,,,,,,,,,2.700822795182974e-06,,,,,,,,,,,,,,,,,,,,,,,
YEAR_2030,H2_RE,,,,,,,,,1.279918600457403e-06,,,,,,,,,,,,,,,,,,,,,,,
YEAR_2030,AMMONIA_RE,3.124746792426824e-05,,,,,,,,,,,,,,,,,,,,,,,,,,,,,,,
YEAR_2030,METHANOL,,,,,,,,,,,,,,,,,3.827101350439534e-05,,,,,,,,,,,,,,,
YEAR_2030,METHANOL_RE,,,,,,,,,,,,,,,,,2.422441929570487e-05,,,,,,,,,,,,,,,
YEAR_2030,ELEC_EXPORT,,,,,,-2.336469488284365e-05,,,,,,,,,,,,,,,,,,,,,,,,,,
YEAR_2030,CO2_EMISSIONS,,,,-22150.30086975932,,,,,,,,,,,,,,,,,,,,,,,,,,,,
YEAR_2030,RES_WIND,,,,,,,,,,,,,,,,,,,,,,,,,,,15972.63434560498,,,,,
YEAR_2030,RES_SOLAR,,,,,,,,,,,,,,,,,,,,,,,,,,30548.25917189478,,,,,,
YEAR_2030,RES_HYDRO,,,,,,,,,,,,,,,,,,,,,,,,,72915.40511937322,,,,,,,
YEAR_2030,RES_GEO,,,,,,,,,,,,,,,,,,,,,,,,3.744232319224019e-05,,,,,,,,
YEAR_2030,CO2_ATM,,8.534955719765824e-06,,,,,,,,,,,,,,,,,,,,,,,,,,,,,,
YEAR_2030,END_USES,,,,,,-107244.1419725705,,,,-35475.00000000001,-30003.00000720128,-31582.108557004165,-32554.000000000004,,,,,-51454.399998582216,-38590.79999870385,-38590.80000271395,-121206.30000174047,-282814.6999982595,-373.00000000000006,,,,,-6542.012603145173,,,,
YEAR_2035,CCGT,,,,2616.941220100945,,8243.373086691063,-13084.706100504724,,,,,,,,,,,,,,,,,,,,,,,,,
YEAR_2035,CCGT_AMMONIA,-6.025681827026491e-05,,,,,3.0128409135132454e-05,,,,,,,,,,,,,,,,,,,,,,,,,,
YEAR_2035,LOCAL_COAL_CENTRAL,,,,0.0006721833488890518,,0.0010082488088645472,,,,,,,,,,-0.001867175969136255,,,,,,,,,,,,,,,,
YEAR_2035,PV,,,,,,30640.216608862982,,,,,,,,,,,,,,,,,,,,-30640.216608862982,,,,,,
YEAR_2035,WIND_ONSHORE,,,,,,9398.749747431717,,,,,,,,,,,,,,,,,,,,,-9398.749747431717,,,,,
YEAR_2035,WIND_OFFSHORE,,,,,,19721.654030935173,,,,,,,,,,,,,,,,,,,,,-19721.654030935173,,,,,
YEAR_2035,HYDRO_DAM,,,,,,56894.13843007231,,,,,,,,,,,,,,,,,,,-56894.13843007231,,,,,,,
YEAR_2035,HYDRO_RIVER,,,,,,22982.371900362185,,,,,,,,,,,,,,,,,,,-22982.371900362185,,,,,,,
YEAR_2035,GEOTHERMAL,,,,,,1593.6240585882185,,,,,,,,,,,,,,,,,,-1593.6240585882185,,,,,,,,
YEAR_2035,IND_COGEN_GAS,,,,1294.9487763686618,,2848.8396536101595,-6474.74388184331,,,2978.4000560482586,,,,,,,,,,,,,,,,,,,,,,
YEAR_2035,IND_COGEN_WOOD,,,,7.693834110635296e-05,,3.550749422399813e-05,,,,0.00010455681455829837,,,,,,,,,,,,,,,,,,,,,,-0.00019727779770859735
YEAR_2035,IND_COGEN_WASTE,,,,2.2648101563649632e-05,,1.7420048626250317e-05,,,,3.919902931199441e-05,,,,,,,,,,,,,,,,,,,,-8.710808293711397e-05,,
YEAR_2035,IND_BOILER_GAS,,,,7197.342330385081,,,-35986.711651925405,,,33367.37288078387,,,,,,,,,,,,,,,,,,,,,,
YEAR_2035,IND_BOILER_WOOD,,,,0.010829462109973539,,,,,,0.02400402106157911,,,,,,,,,,,,,,,,,,,,,,-0.027767851564034714
YEAR_2035,IND_BOILER_OIL,,,,1.0776280116782873e-05,,,,,,3.616371278107989e-05,,,,,-4.144723121839566e-05,,,,,,,,,,,,,,,,,
YEAR_2035,IND_BOILER_COAL,,,,8.639326204817143,,,,,,19.678662030926024,,,,,,-23.998128346714285,,,,,,,,,,,,,,,,
YEAR_2035,IND_BOILER_WASTE,,,,2690.219960724906,,,,,,8484.624722379618,,,,,,,,,,,,,,,,,,,,-10346.999848941945,,
YEAR_2035,IND_DIRECT_ELEC,,,,,,-4.946436597630287e-05,,,,4.946436597630287e-05,,,,,,,,,,,,,,,,,,,,,,
YEAR_2035,DHN_HP_ELEC,,,,,,-8593.32536499877,,,,,,34373.30145999508,,,,,,,,,,,,,,,,,,,,
YEAR_2035,DHN_COGEN_GAS,,,,7.71615597486359e-05,,0.00019290389937158975,-0.0003858077987431795,,,,,0.0001543231194972718,,,,,,,,,,,,,,,,,,,,
YEAR_2035,DHN_COGEN_WOOD,,,,6.0511415978050824e-05,,2.7926372240812095e-05,,,,,,8.223313380686718e-05,,,,,,,,,,,,,,,,,,,,-0.000155157476866797
YEAR_2035,DHN_COGEN_WET_BIOMASS,,,,0.0010265293540862742,,0.00034094903481404315,,,,,,0.0004125483321208667,,,,,,,,,,,,,,,,,,,-0.0026321265486323976,
YEAR_2035,DHN_COGEN_BIO_HYDROLYSIS,,,,9.159674135973652e-05,,5.9655313610379924e-05,,,,,,7.86792522258985e-05,,,,,,,,,,,,,,,,,,,-0.00023486343941218362,
YEAR_2035,DHN_COGEN_WASTE,,,,1.4687880337110469e-05,,1.1297352626662235e-05,,,,,,2.5421585568546884e-05,,,,,,,,,,,,,,,,,,-5.649184745042488e-05,,
YEAR_2035,DHN_BOILER_GAS,,,,9.569744288266693e-05,,,-0.0004784872144133347,,,,,0.0004436599113707322,,,,,,,,,,,,,,,,,,,,
YEAR_2035,DHN_BOILER_WOOD,,,,0.00011906844213268132,,,,,,,,0.0002639209005671732,,,,,,,,,,,,,,,,,,,,-0.000305303697776106
YEAR_2035,DHN_BOILER_OIL,,,,7.4163329523157745e-06,,,,,,,,2.488819257386513e-05,,,-2.8524357508906824e-05,,,,,,,,,,,,,,,,,
YEAR_2035,DEC_HP_ELEC,,,,,,-5.842387191842336e-05,,,,,0.00017528914466973707,,,,,,,,,,,,,,,,,,,,,
YEAR_2035,DEC_THHP_GAS,,,,,,,-20419.27961252361,,,,30627.388049382946,,,,,,,,,,,,,,,,,,,,,
YEAR_2035,DEC_COGEN_GAS,,,,,,2.6196487058508943e-05,-5.9538466509662936e-05,,,,2.7387858921598478e-05,,,,,,,,,,,,,,,,,,,,,
YEAR_2035,DEC_COGEN_OIL,,,,,,1.478857167914166e-05,,,,,1.630493018648474e-05,,,,-3.7918745641688915e-05,,,,,,,,,,,,,,,,,
YEAR_2035,DEC_ADVCOGEN_GAS,,,,,,1.5198608924812267e-05,-2.620439875122673e-05,,,,5.76491007616912e-06,,,,,,,,,,,,,,,,,,,,,
YEAR_2035,DEC_ADVCOGEN_H2,,,,,,1.1412621905615634e-05,,,-1.9676859684408987e-05,,4.3288658419115585e-06,,,,,,,,,,,,,,,,,,,,,
YEAR_2035,DEC_BOILER_GAS,,,,,,,-0.009783405513599049,,,,0.008805153013769282,,,,,,,,,,,,,,,,,,,,,
YEAR_2035,DEC_BOILER_WOOD,,,,,,,,,,,7.804012533330796e-05,,,,,,,,,,,,,,,,,,,,,-9.181420745463683e-05
YEAR_2035,DEC_BOILER_OIL,,,,,,,,,,,6.091873261259911e-05,,,,-7.167088891872286e-05,,,,,,,,,,,,,,,,,
YEAR_2035,DEC_DIRECT_ELEC,,,,,,-2027.1027818553575,,,,,2027.1027818553575,,,,,,,,,,,,,,,,,,,,,
YEAR_2035,IND_ELEC_COLD,,,,,,-180.3936,,,,,,,,,,,,,,,,,437.0,,,,,,,,,
YEAR_2035,DEC_THHP_GAS_COLD,,,,,,,-569.2197079603769,,,,,,,,,,,,,,,,,,,,,828.4379391069376,,,,
YEAR_2035,DEC_ELEC_COLD,,,,,,-2072.675361325863,,,,,,,,,,,,,,,,,,,,,,6594.576396200645,,,,
YEAR_2035,TRAMWAY_TROLLEY,,,,,,-665.8701871930598,,,,,,,,,,,,,,,,10653.922995088957,,,,,,,,,,
YEAR_2035,BUS_COACH_DIESEL,,,,,-20719.78739062135,,,,,,,,,,,,,,,,,78040.63047315009,,,,,,,,,,
YEAR_2035,BUS_COACH_GASOLINE,,,,,,,,-7.389509874227019e-05,,,,,,,,,,,,,,0.0002233627504829374,,,,,,,,,,
YEAR_2035,BUS_COACH_HYDIESEL,,,,,-1.689663541860802e-05,,,,,,,,,,,,,,,,,8.54660365129389e-05,,,,,,,,,,
YEAR_2035,BUS_COACH_CNG_STOICH,,,,,,,-57765.32930824617,,,,,,,,,,,,,,,215703.24610995583,,,,,,,,,,
YEAR_2035,BUS_COACH_FC_HYBRIDH2,,,,,,,,,-6.9365049400348555e-06,,,,,,,,,,,,,3.076055405780424e-05,,,,,,,,,,
YEAR_2035,TRAIN_PUB,,,,,,-5.090932016734325e-06,,,,,,,,,,,,,,,,7.856376569034453e-05,,,,,,,,,,
YEAR_2035,CAR_GASOLINE,,,,,,,,-9.291414402583215e-06,,,,,,,,,,,,,1.870252496494206e-05,,,,,,,,,,,
YEAR_2035,CAR_DIESEL,,,,,-6.5566677208236845e-06,,,,,,,,,,,,,,,,1.5083201566192053e-05,,,,,,,,,,,
YEAR_2035,CAR_NG,,,,,,,-6.95065940892269e-06,,,,,,,,,,,,,,2.0168476250817324e-05,,,,,,,,,,,
YEAR_2035,CAR_METHANOL,,,,,,,,,,,,,,,,,-4.302542818529252e-06,,,,9.362716669994453e-06,,,,,,,,,,,
YEAR_2035,CAR_HEV,,,,,,,,-3.4475585599146816e-06,,,,,,,,,,,,,1.0251437882589003e-05,,,,,,,,,,,
YEAR_2035,CAR_PHEV,,,,,,-2.4414327100273455e-06,,-1.9286608690404976e-06,,,,,,,,,,,,,1.774297027636152e-05,,,,,,,,,,,
YEAR_2035,CAR_BEV,,,,,,-10081.51310099357,,,,,,,,,,,,,,,62618.975905782136,,,,,,,,,,,
YEAR_2035,CAR_FUEL_CELL,,,,,,,,,-1.2192363303754567e-06,,,,,,,,,,,,5.564094931982777e-06,,,,,,,,,,,
YEAR_2035,MOTORCYCLE,,,,,,,,-9052.199062047544,,,,,,,,,,,,,67837.22318680714,,,,,,,,,,,
YEAR_2035,MOTORCYCLE_ELECTRIC,,,,,,-3.7218108225070915e-05,,,,,,,,,,,,,,,0.0008139846146953254,,,,,,,,,,,
YEAR_2035,TRAIN_FREIGHT,,,,,,-3082.843439898889,,,,,,,,,,,,,45136.7999985196,,,,,,,,,,,,,
YEAR_2035,BOAT_FREIGHT_DIESEL,,,,,-1875.5463100570755,,,,,,,,,,,,,17528.470187449304,,,,,,,,,,,,,,
YEAR_2035,BOAT_FREIGHT_NG,,,,,,,-5246.433356970975,,,,,,,,,,,42653.92973147134,,,,,,,,,,,,,,
YEAR_2035,BOAT_FREIGHT_METHANOL,,,,,,,,,,,,,,,,,-9.782640735693071e-06,7.953366451782985e-05,,,,,,,,,,,,,,
YEAR_2035,TRUCK_DIESEL,,,,,-0.00010964473365003166,,,,,,,,,,,,,,,0.00021389920727669075,,,,,,,,,,,,
YEAR_2035,TRUCK_GASOLINE,,,,,,,,-24346.789642131156,,,,,,,,,,,,45136.799484855685,,,,,,,,,,,,
YEAR_2035,TRUCK_FUEL_CELL,,,,,,,,,-5.888558590592325e-05,,,,,,,,,,,0.00013383087705891647,,,,,,,,,,,,
YEAR_2035,TRUCK_NG,,,,,,,-8.236997734100886e-05,,,,,,,,,,,,,0.0001396101310864557,,,,,,,,,,,,
YEAR_2035,TRUCK_METHANOL,,,,,,,,,,,,,,,,,-1.1805252806092418e-05,,,2.003435460339214e-05,,,,,,,,,,,,
YEAR_2035,TRUCK_ELEC,,,,,,-2.7066657450978204e-06,,,,,,,,,,,,,,1.087014355460972e-05,,,,,,,,,,,,
YEAR_2035,HABER_BOSCH,4.709129122492702e-05,,,,,-5.771188055016396e-06,,,-5.321315908416753e-05,,,6.312222772468348e-06,,,,,,,,,,,,,,,,,,,,
YEAR_2035,OIL_TO_HVC,,,,5838.4170222533385,,-581.5355267559854,,,,-472.67335620772013,,,27445.55006942311,,-49901.00012123374,,,,,,,,,,,,,,,,,
YEAR_2035,GAS_TO_HVC,,,,2.977904612876143e-05,,-4.691079335487323e-05,-0.0002784862972679534,,,,,,9.968543594140901e-05,,,,,,,,,,,,,,,,,,,
YEAR_2035,BIOMASS_TO_HVC,,,,3409.2107827784484,,-145.83441030745843,,,,-265.15347328628803,,,5099.105255505539,,,,,,,,,,,,,,,,,,,-12140.969613358688
YEAR_2035,METHANOL_TO_HVC,,,,,,,,,,-2393.273709895971,,,7252.3445754423365,,,,-9001.286219087322,,,,,,,,,,,,,,,
YEAR_2035,SYN_METHANOLATION,,,-3.251070964255282e-05,,,-4.498776167600015e-06,,,-0.00016486691484792995,,,1.0994303968925585e-05,,,,,0.0001323169461058828,,,,,,,,,,,,,,,
YEAR_2035,METHANE_TO_METHANOL,,,,394.2181705097214,,,-10028.433367078305,,,,,,,,,,6558.595421072305,,,,,,,,,,,,,,,
YEAR_2035,BIOMASS_TO_METHANOL,,,,0.00028633268649878033,,2.4095622832890872e-05,,,,,,0.0002650533450934031,,,,,0.0007469658017512205,,,,,,,,,,,,,,,-0.0012047811416445436
YEAR_2035,DAM_STORAGE,,,,,,-113.73138273439326,,,,,,,,,,,,,,,,,,,,,,,,,,
YEAR_2035,TS_DHN_SEASONAL,,,,,,,,,,,,-0.13809887857533454,,,,,,,,,,,,,,,,,,,,
YEAR_2035,GAS_STORAGE,,,,,,,-14.507780056427459,,,,,,,,,,,,,,,,,,,,,,,,,
YEAR_2035,H2_STORAGE,,,,,,,,,-4.399700476701527e-05,,,,,,,,,,,,,,,,,,,,,,,
YEAR_2035,CO2_STORAGE,,,-6.293793611278353e-17,,,,,,,,,,,,,,,,,,,,,,,,,,,,,
YEAR_2035,GASOLINE_STORAGE,,,,,,,,5.777442326632132e-17,,,,,,,,,,,,,,,,,,,,,,,,
YEAR_2035,DIESEL_STORAGE,,,,,1.7515286096503324e-16,,,,,,,,,,,,,,,,,,,,,,,,,,,
YEAR_2035,METHANOL_STORAGE,,,,,,,,,,,,,,,,,3.1387652893455353e-17,,,,,,,,,,,,,,,
YEAR_2035,AMMONIA_STORAGE,-4.316208848664793e-16,,,,,,,,,,,,,,,,,,,,,,,,,,,,,,,
YEAR_2035,LFO_STORAGE,,,,,,,,,,,,,,,1.1018204577883939e-17,,,,,,,,,,,,,,,,,
YEAR_2035,TS_COLD,,,,,,,,,,,,,,,,,,,,,,,,,,,,-3.4912213623237434e-05,,,,
YEAR_2035,H2_ELECTROLYSIS,,,,,,-4.9711417969376895e-05,,,4.6202376704755194e-05,-8.772603184655445e-06,,8.7726032770602e-07,,,,,,,,,,,,,,,,,,,,
YEAR_2035,SMR,,,,7.588941049749112e-05,,,-0.0003794470524874556,,0.0002780646727886968,,,,,,,,,,,,,,,,,,,,,,,
YEAR_2035,H2_BIOMASS,,,,2.1510998895934415e-05,,,,,2.3855545791909024e-05,,,,,,,,,,,,,,,,,,,,,,,-5.5156407425472854e-05
YEAR_2035,GASIFICATION_SNG,,,,1.3061540131874815e-05,,,3.265262585621743e-05,,,,,1.1036587539401492e-05,,,,,,,,,,,,,,,,,,,,-5.0236064879790517e-05
YEAR_2035,SYN_METHANATION,,,-8.887508994492738e-06,,,,4.443754497246369e-05,,-5.332505396695643e-05,,,1.3109075766876787e-05,,,,,,,,,,,,,,,,,,,,
YEAR_2035,BIOMETHANATION,,,,4359.688385598754,,,3945.355085255402,,,,,,,,,,,,,,,,,,,,,,,,-13201.947186281626,
YEAR_2035,BIO_HYDROLYSIS,,,,0.015227390105646657,,0.00199441914038786,0.021090982354765066,,,,,,,,,,,,,,,,,,,,,,,,-0.0498604783831506,
YEAR_2035,PYROLYSIS_TO_LFO,,,,9.876026589436373e-05,,7.217566405412519e-06,,,,,,,,,0.0003032590926643915,,,,,,,,,,,,,,,,,-0.00045540417945411673
YEAR_2035,PYROLYSIS_TO_FUELS,,,,2.1580993736516425e-05,1.595740740044023e-05,8.958544505510305e-07,,3.4994314474649626e-05,,,,,,,,,,,,,,,,,,,,,,,,-8.881557013666075e-05
YEAR_2035,ATM_CCS,,-1.0582829814095631e-05,1.0582829814095631e-05,,,-1.3757678758324322e-05,,,,,,,,,,,,,,,,,,,,,,,,,,
YEAR_2035,INDUSTRY_CCS,,,3.08169037699776e-05,-3.4241004188864004e-05,,-7.978153976005313e-06,,,,,,,,,,,,,,,,,,,,,,,,,,
YEAR_2035,AMMONIA_TO_H2,-6.504845847106235e-05,,,,,,,,4.2889093403142e-05,-6.4333640104713e-06,,4.2889093403142e-06,,,,,,,,,,,,,,,,,,,,
YEAR_2035,ELECTRICITY,,,,,,0.0002036670545271951,,,,,,,,,,,,,,,,,,,,,,,,,,
YEAR_2035,GASOLINE,,,,,,,,33398.98872945613,,,,,,,,,,,,,,,,,,,,,,,,
YEAR_2035,DIESEL,,,,,22595.33379179002,,,,,,,,,,,,,,,,,,,,,,,,,,,
YEAR_2035,BIOETHANOL,,,,,,,,2.828336879016495e-05,,,,,,,,,,,,,,,,,,,,,,,,
YEAR_2035,BIODIESEL,,,,,2.604878704887749e-05,,,,,,,,,,,,,,,,,,,,,,,,,,,
YEAR_2035,LFO,,,,,,,,,,,,,,,49900.99999726668,,,,,,,,,,,,,,,,,
YEAR_2035,GAS,,,,,,,145643.9999926015,,,,,,,,,,,,,,,,,,,,,,,,,
YEAR_2035,GAS_RE,,,,,,,1.972791128138509e-06,,,,,,,,,,,,,,,,,,,,,,,,,
YEAR_2035,WOOD,,,,,,,,,,,,,,,,,,,,,,,,,,,,,,,,12140.99998510623
YEAR_2035,WET_BIOMASS,,,,,,,,,,,,,,,,,,,,,,,,,,,,,,,13201.99991372659,
YEAR_2035,LOCAL_COAL,,,,,,,,,,,,,,,,23.99999551811064,,,,,,,,,,,,,,,,
YEAR_2035,WASTE,,,,,,,,,,,,,,,,,,,,,,,,,,,,,,10346.99999256861,,
YEAR_2035,H2,,,,,,,,,8.30469536045553e-06,,,,,,,,,,,,,,,,,,,,,,,
YEAR_2035,H2_RE,,,,,,,,,2.800812597202224e-06,,,,,,,,,,,,,,,,,,,,,,,
YEAR_2035,AMMONIA_RE,7.822432601123338e-05,,,,,,,,,,,,,,,,,,,,,,,,,,,,,,,
YEAR_2035,METHANOL,,,,,,,,,,,,,,,,,2442.689773071995,,,,,,,,,,,,,,,
YEAR_2035,METHANOL_RE,,,,,,,,,,,,,,,,,0.0001715772838418616,,,,,,,,,,,,,,,
YEAR_2035,ELEC_EXPORT,,,,,,-2.004496575125359e-05,,,,,,,,,,,,,,,,,,,,,,,,,,
YEAR_2035,CO2_EMISSIONS,,,,-27809.65481966607,,,,,,,,,,,,,,,,,,,,,,,,,,,,
YEAR_2035,RES_WIND,,,,,,,,,,,,,,,,,,,,,,,,,,,29120.40377836689,,,,,
YEAR_2035,RES_SOLAR,,,,,,,,,,,,,,,,,,,,,,,,,,30640.21660886298,,,,,,
YEAR_2035,RES_HYDRO,,,,,,,,,,,,,,,,,,,,,,,,,79876.5103304345,,,,,,,
YEAR_2035,RES_GEO,,,,,,,,,,,,,,,,,,,,,,,,1593.624058588219,,,,,,,,
YEAR_2035,CO2_ATM,,1.058282981409563e-05,,,,,,,,,,,,,,,,,,,,,,,,,,,,,,
YEAR_2035,END_USES,,,,,,-124778.1460784004,,,,-41719.0,-32654.500004415077,-34373.16515845114,-39797.0,,,,,-60182.39999840412,-45136.7999985196,-45136.80000307628,-130456.20000350547,-304397.7999964946,-437.0,,,,,-7423.014300389273,,,,
YEAR_2040,CCGT,,,,0.00014518312588189677,,0.00045732730385527866,-0.0007200614713143293,,,,,,,,,,,,,,,,,,,,,,,,,
YEAR_2040,CCGT_AMMONIA,-0.00011295984614229516,,,,,5.693910943017296e-05,,,,,,,,,,,,,,,,,,,,,,,,,,
YEAR_2040,LOCAL_COAL_CENTRAL,,,,0.00020946058510276825,,0.00031418270890372086,,,,,,,,,,-0.0005776986911017535,,,,,,,,,,,,,,,,
YEAR_2040,PV,,,,,,30640.21660877825,,,,,,,,,,,,,,,,,,,,-30640.21660877825,,,,,,
YEAR_2040,WIND_ONSHORE,,,,,,9398.749749052258,,,,,,,,,,,,,,,,,,,,,-9398.749749052258,,,,,
YEAR_2040,WIND_OFFSHORE,,,,,,30678.12850521232,,,,,,,,,,,,,,,,,,,,,-30678.12850521232,,,,,
YEAR_2040,HYDRO_DAM,,,,,,61286.325061714655,,,,,,,,,,,,,,,,,,,-61286.325061714655,,,,,,,
YEAR_2040,HYDRO_RIVER,,,,,,24514.53003096227,,,,,,,,,,,,,,,,,,,-24514.53003096227,,,,,,,
YEAR_2040,GEOTHERMAL,,,,,,9986.399988053967,,,,,,,,,,,,,,,,,,-9986.399988053967,,,,,,,,
YEAR_2040,IND_COGEN_GAS,,,,2329.5445171621486,,5124.9122100041295,-11647.722585810745,,,5357.984537380166,,,,,,,,,,,,,,,,,,,,,,
YEAR_2040,IND_COGEN_WOOD,,,,5.085921537754717e-05,,2.347182523417076e-05,,,,6.911609315126843e-05,,,,,,,,,,,,,,,,,,,,,,-0.00013040824455781328
YEAR_2040,IND_COGEN_WASTE,,,,2.958602108206354e-05,,2.2756429471952667e-05,,,,5.120708702059556e-05,,,,,,,,,,,,,,,,,,,,-0.00011367938738426351,,
YEAR_2040,IND_BOILER_GAS,,,,8733.231302465656,,,-43666.15651232828,,,40487.85953855195,,,,,,,,,,,,,,,,,,,,,,
YEAR_2040,IND_BOILER_WOOD,,,,0.0001720616661901134,,,,,,0.0003813829179303503,,,,,,,,,,,,,,,,,,,,,,-0.00044118375946182925
YEAR_2040,IND_BOILER_OIL,,,,2.2165374100771664e-05,,,,,,7.438394455032003e-05,,,,,-8.525143884912178e-05,,,,,,,,,,,,,,,,,
YEAR_2040,IND_BOILER_COAL,,,,10.799790589027914,,,,,,24.59976900603142,,,,,,-29.999418302855318,,,,,,,,,,,,,,,,
YEAR_2040,IND_BOILER_WASTE,,,,2690.2199537392175,,,,,,8484.624700347613,,,,,,,,,,,,,,,,,,,,-10346.999822073914,,
YEAR_2040,IND_DIRECT_ELEC,,,,,,-6.054122577258526e-05,,,,6.054122577258526e-05,,,,,,,,,,,,,,,,,,,,,,
YEAR_2040,DHN_HP_ELEC,,,,,,-9191.11761490263,,,,,,37476.04078790433,,,,,,,,,,,,,,,,,,,,
YEAR_2040,DHN_COGEN_GAS,,,,6.10431237193247e-05,,0.00015260780929831174,-0.0003052156185966235,,,,,0.0001220862474386494,,,,,,,,,,,,,,,,,,,,
YEAR_2040,DHN_COGEN_WOOD,,,,2.4310848805337255e-05,,1.1219598851797007e-05,,,,,,3.3037688020603674e-05,,,,,,,,,,,,,,,,,,,,-6.233550975727501e-05
YEAR_2040,DHN_COGEN_WET_BIOMASS,,,,0.0007093426947800248,,0.00023559940704561257,,,,,,0.00028507528252234046,,,,,,,,,,,,,,,,,,,-0.001817021238334846,
YEAR_2040,DHN_COGEN_BIO_HYDROLYSIS,,,,0.00010954411006877436,,7.134411271966138e-05,,,,,,9.40955817643454e-05,,,,,,,,,,,,,,,,,,,-0.00028060340375213777,
YEAR_2040,DHN_COGEN_WASTE,,,,1.535821891002973e-05,,1.181295127423484e-05,,,,,,2.6581798546883077e-05,,,,,,,,,,,,,,,,,,-5.901141326719485e-05,,
YEAR_2040,DHN_BOILER_GAS,,,,1.3817019804128901e-05,,,-6.90850990206445e-05,,,,,6.405665185038897e-05,,,,,,,,,,,,,,,,,,,,
YEAR_2040,DHN_BOILER_WOOD,,,,2.300618614174455e-05,,,,,,,,5.099431265237558e-05,,,,,,,,,,,,,,,,,,,,-5.899022087626808e-05
YEAR_2040,DHN_BOILER_OIL,,,,9.491570769458923e-06,,,,,,,,3.185240504405886e-05,,,-3.650604142099586e-05,,,,,,,,,,,,,,,,,
YEAR_2040,DEC_HP_ELEC,,,,,,-0.00019593020960352643,,,,,0.0005992271443175038,,,,,,,,,,,,,,,,,,,,,
YEAR_2040,DEC_THHP_GAS,,,,,,,-22181.76724809149,,,,33914.94192858638,,,,,,,,,,,,,,,,,,,,,
YEAR_2040,DEC_COGEN_GAS,,,,,,3.52491576573401e-05,-8.01130620295783e-05,,,,3.6852229646983896e-05,,,,,,,,,,,,,,,,,,,,,
YEAR_2040,DEC_COGEN_OIL,,,,,,1.7671636728574973e-05,,,,,1.9483612710667003e-05,,,,-4.531108971992718e-05,,,,,,,,,,,,,,,,,
YEAR_2040,DEC_ADVCOGEN_GAS,,,,,,2.42268378288212e-05,-4.1770251612390674e-05,,,,9.189363461091337e-06,,,,,,,,,,,,,,,,,,,,,
YEAR_2040,DEC_ADVCOGEN_H2,,,,,,1.7808639724505512e-05,,,-3.070443478521461e-05,,6.754908103666178e-06,,,,,,,,,,,,,,,,,,,,,
YEAR_2040,DEC_BOILER_GAS,,,,,,,-0.009757312739775703,,,,0.008781669282490958,,,,,,,,,,,,,,,,,,,,,
YEAR_2040,DEC_BOILER_WOOD,,,,,,,,,,,8.202188409445801e-05,,,,,,,,,,,,,,,,,,,,,-9.649874663712986e-05
YEAR_2040,DEC_BOILER_OIL,,,,,,,,,,,9.125186372329606e-05,,,,-0.00010735781767045783,,,,,,,,,,,,,,,,,
YEAR_2040,DEC_DIRECT_ELEC,,,,,,-1687.048450382362,,,,,1687.048450382362,,,,,,,,,,,,,,,,,,,,,
YEAR_2040,IND_ELEC_COLD,,,,,,-206.1256708940557,,,,,,,,,,,,,,,,,509.0,,,,,,,,,
YEAR_2040,DEC_THHP_GAS_COLD,,,,,,,-464.7193944956199,,,,,,,,,,,,,,,,,,,,,689.4396207291544,,,,
YEAR_2040,DEC_ELEC_COLD,,,,,,-2342.5780395303027,,,,,,,,,,,,,,,,,,,,,,7597.576390575252,,,,
YEAR_2040,TRAMWAY_TROLLEY,,,,,,-673.2750763395469,,,,,,,,,,,,,,,,11174.547993954913,,,,,,,,,,
YEAR_2040,BUS_COACH_DIESEL,,,,,-24776.464425324935,,,,,,,,,,,,,,,,,96077.52896067966,,,,,,,,,,
YEAR_2040,BUS_COACH_GASOLINE,,,,,,,,-0.0003737801572278423,,,,,,,,,,,,,,0.0011632029838700253,,,,,,,,,,
YEAR_2040,BUS_COACH_HYDIESEL,,,,,-2.6889282332833693e-05,,,,,,,,,,,,,,,,,0.00014194314077325504,,,,,,,,,,
YEAR_2040,BUS_COACH_CNG_STOICH,,,,,,,-54828.72028737892,,,,,,,,,,,,,,,212020.72125123203,,,,,,,,,,
YEAR_2040,BUS_COACH_FC_HYBRIDH2,,,,,,,,,-8.218973547347627e-06,,,,,,,,,,,,,3.8627887648796935e-05,,,,,,,,,,
YEAR_2040,TRAIN_PUB,,,,,,-2.7819660027148512e-05,,,,,,,,,,,,,,,,0.0004453426186079949,,,,,,,,,,
YEAR_2040,CAR_GASOLINE,,,,,,,,-9.08231409643629e-06,,,,,,,,,,,,,1.8931965321024696e-05,,,,,,,,,,,
YEAR_2040,CAR_DIESEL,,,,,-7.276736464974262e-06,,,,,,,,,,,,,,,,1.7234314864905082e-05,,,,,,,,,,,
YEAR_2040,CAR_NG,,,,,,,-6.827259484644974e-06,,,,,,,,,,,,,,2.0515129304706834e-05,,,,,,,,,,,
YEAR_2040,CAR_METHANOL,,,,,,,,,,,,,,,,,-5.1685354071426555e-06,,,,1.1647291526696066e-05,,,,,,,,,,,
YEAR_2040,CAR_HEV,,,,,,,,-4.241823882069923e-06,,,,,,,,,,,,,1.3163386529432084e-05,,,,,,,,,,,
YEAR_2040,CAR_PHEV,,,,,,-2.651489559410739e-06,,-2.0945996722482098e-06,,,,,,,,,,,,,2.0057635040598233e-05,,,,,,,,,,,
YEAR_2040,CAR_BEV,,,,,,-9829.506599710046,,,,,,,,,,,,,,,65678.97589236114,,,,,,,,,,,
YEAR_2040,CAR_FUEL_CELL,,,,,,,,,-2.0176391856305416e-06,,,,,,,,,,,,9.709915346835505e-06,,,,,,,,,,,
YEAR_2040,MOTORCYCLE,,,,,,,,-9168.462006707896,,,,,,,,,,,,,71152.22305895602,,,,,,,,,,,
YEAR_2040,MOTORCYCLE_ELECTRIC,,,,,,-4.00553320110515e-05,,,,,,,,,,,,,,,0.0009424029775101523,,,,,,,,,,,
YEAR_2040,TRAIN_FREIGHT,,,,,,-3447.600988646837,,,,,,,,,,,,,52361.69999793349,,,,,,,,,,,,,
YEAR_2040,BOAT_FREIGHT_DIESEL,,,,,-2822.8852989020033,,,,,,,,,,,,,27161.6701538261,,,,,,,,,,,,,,
YEAR_2040,BOAT_FREIGHT_NG,,,,,,,-5066.212360579703,,,,,,,,,,,42653.92976198938,,,,,,,,,,,,,,
YEAR_2040,BOAT_FREIGHT_METHANOL,,,,,,,,,,,,,,,,,-9.811008476709174e-06,8.212125055907793e-05,,,,,,,,,,,,,,
YEAR_2040,TRUCK_DIESEL,,,,,-0.00013317442793132588,,,,,,,,,,,,,,,0.0002674787314958747,,,,,,,,,,,,
YEAR_2040,TRUCK_GASOLINE,,,,,,,,-27434.1897989444,,,,,,,,,,,,52361.69938046732,,,,,,,,,,,,
YEAR_2040,TRUCK_FUEL_CELL,,,,,,,,,-7.005694907230792e-05,,,,,,,,,,,0.00016874404889334472,,,,,,,,,,,,
YEAR_2040,TRUCK_NG,,,,,,,-8.46426106579312e-05,,,,,,,,,,,,,0.0001485654452268862,,,,,,,,,,,,
YEAR_2040,TRUCK_METHANOL,,,,,,,,,,,,,,,,,-1.4061609593474458e-05,,,2.456869657510856e-05,,,,,,,,,,,,
YEAR_2040,TRUCK_ELEC,,,,,,-3.4577834091856917e-06,,,,,,,,,,,,,,1.4405086983891181e-05,,,,,,,,,,,,
YEAR_2040,HABER_BOSCH,4.335366022186329e-05,,,,,-5.3131294450727745e-06,,,-4.898963605070551e-05,,,5.811222291935035e-06,,,,,,,,,,,,,,,,,,,,
YEAR_2040,OIL_TO_HVC,,,,5912.1269889457435,,-588.8774079789698,,,,-478.64085342651447,,,27792.049912404713,,-50530.99983568274,,,,,,,,,,,,,,,,,
YEAR_2040,GAS_TO_HVC,,,,9.180628053742385e-06,,-1.4462200825200628e-05,-8.585497004256638e-05,,,,,,3.0732176772758944e-05,,,,,,,,,,,,,,,,,,,
YEAR_2040,BIOMASS_TO_HVC,,,,3383.5589330474404,,-144.73711166059437,,,,-263.1583848374443,,,5060.738169950852,,,,,,,,,,,,,,,,,,,-11980.997890079789
YEAR_2040,METHANOL_TO_HVC,,,,,,,,,,-4996.2699226773075,,,15140.211886900932,,,,-18791.354877579204,,,,,,,,,,,,,,,
YEAR_2040,SYN_METHANOLATION,,,-3.189196496947996e-05,,,-4.363005802624058e-06,,,-0.0001598913320140878,,,1.0785060089302221e-05,,,,,0.00012979868653971435,,,,,,,,,,,,,,,
YEAR_2040,METHANE_TO_METHANOL,,,,394.2181603660951,,,-10028.433109036721,,,,,,,,,,6558.59525231311,,,,,,,,,,,,,,,
YEAR_2040,BIOMASS_TO_METHANOL,,,,0.00023645063054813178,,1.9897921127881e-05,,,,,,0.00021887836608026825,,,,,0.0006168367886378882,,,,,,,,,,,,,,,-0.0009892303611434678
YEAR_2040,DAM_STORAGE,,,,,,-122.5113637904592,,,,,,,,,,,,,,,,,,,,,,,,,,
YEAR_2040,TS_DHN_SEASONAL,,,,,,,,,,,,-0.23968916933858964,,,,,,,,,,,,,,,,,,,,
YEAR_2040,GAS_STORAGE,,,,,,,-19.708738020404596,,,,,,,,,,,,,,,,,,,,,,,,,
YEAR_2040,H2_STORAGE,,,,,,,,,-4.846433657292041e-05,,,,,,,,,,,,,,,,,,,,,,,
YEAR_2040,CO2_STORAGE,,,-5.439476180677666e-17,,,,,,,,,,,,,,,,,,,,,,,,,,,,,
YEAR_2040,GASOLINE_STORAGE,,,,,,,,2.3662712414496134e-17,,,,,,,,,,,,,,,,,,,,,,,,
YEAR_2040,DIESEL_STORAGE,,,,,-1.482375420330806e-16,,,,,,,,,,,,,,,,,,,,,,,,,,,
YEAR_2040,METHANOL_STORAGE,,,,,,,,,,,,,,,,,9.787093011026649e-16,,,,,,,,,,,,,,,
YEAR_2040,AMMONIA_STORAGE,1.3038886376853798e-15,,,,,,,,,,,,,,,,,,,,,,,,,,,,,,,
YEAR_2040,LFO_STORAGE,,,,,,,,,,,,,,,-8.351067233569598e-17,,,,,,,,,,,,,,,,,
YEAR_2040,TS_COLD,,,,,,,,,,,,,,,,,,,,,,,,,,,,-4.640939656363436e-05,,,,
YEAR_2040,H2_ELECTROLYSIS,,,,,,-5.033313628346158e-05,,,4.6780209020246196e-05,-8.882318181428576e-06,,8.882318274988995e-07,,,,,,,,,,,,,,,,,,,,
YEAR_2040,SMR,,,,5.181541036580274e-05,,,-0.0002590770518290137,,0.000189855673332122,,,,,,,,,,,,,,,,,,,,,,,
YEAR_2040,H2_BIOMASS,,,,1.9717897230275046e-05,,,,,2.1867008713662508e-05,,,,,,,,,,,,,,,,,,,,,,,-5.027079109197554e-05
YEAR_2040,GASIFICATION_SNG,,,,1.486700405311859e-05,,,3.7166116403431344e-05,,,,,1.2562147344359794e-05,,,,,,,,,,,,,,,,,,,,-5.567533140409979e-05
YEAR_2040,SYN_METHANATION,,,-1.3388417052086907e-05,,,,6.694208526043453e-05,,-8.033050231252144e-05,,,1.9747915151828185e-05,,,,,,,,,,,,,,,,,,,,
YEAR_2040,BIOMETHANATION,,,,4359.688356275712,,,3945.355058719145,,,,,,,,,,,,,,,,,,,,,,,,-13201.947097486003,
YEAR_2040,BIO_HYDROLYSIS,,,,465.7505109576227,,61.00203168465822,645.0964833880098,,,,,,,,,,,,,,,,,,,,,,,,-1525.0507882458764,
YEAR_2040,PYROLYSIS_TO_LFO,,,,3.694159405350374e-05,,2.6997538512922534e-06,,,,,,,,,0.00011343503576858207,,,,,,,,,,,,,,,,,-0.00016937531697922315
YEAR_2040,PYROLYSIS_TO_FUELS,,,,1.239351101146271e-05,9.16400360179503e-06,5.144703776446333e-07,,2.009649912674349e-05,,,,,,,,,,,,,,,,,,,,,,,,-5.0714453992556916e-05
YEAR_2040,ATM_CCS,,-1.153983186272457e-05,1.153983186272457e-05,,,-1.5001781421541942e-05,,,,,,,,,,,,,,,,,,,,,,,,,,
YEAR_2040,INDUSTRY_CCS,,,3.3742583204677575e-05,-3.749175911630841e-05,,-8.73557987409986e-06,,,,,,,,,,,,,,,,,,,,,,,,,,
YEAR_2040,AMMONIA_TO_H2,-0.0001187297546631915,,,,,,,,8.039912090160817e-05,-1.2059868135241224e-05,,8.039912090160818e-06,,,,,,,,,,,,,,,,,,,,
YEAR_2040,ELECTRICITY,,,,,,4.739768908609844,,,,,,,,,,,,,,,,,,,,,,,,,,
YEAR_2040,GASOLINE,,,,,,,,36602.65213484468,,,,,,,,,,,,,,,,,,,,,,,,
YEAR_2040,DIESEL,,,,,27599.34984485811,,,,,,,,,,,,,,,,,,,,,,,,,,,
YEAR_2040,BIOETHANOL,,,,,,,,3.990629207292708e-05,,,,,,,,,,,,,,,,,,,,,,,,
YEAR_2040,BIODIESEL,,,,,3.754880058549502e-05,,,,,,,,,,,,,,,,,,,,,,,,,,,
YEAR_2040,LFO,,,,,,,,,,,,,,,50530.99999674619,,,,,,,,,,,,,,,,,
YEAR_2040,GAS,,,,,,,143312.9999953268,,,,,,,,,,,,,,,,,,,,,,,,,
YEAR_2040,GAS_RE,,,,,,,4.095645018302476e-06,,,,,,,,,,,,,,,,,,,,,,,,,
YEAR_2040,WOOD,,,,,,,,,,,,,,,,,,,,,,,,,,,,,,,,11980.99999469864
YEAR_2040,WET_BIOMASS,,,,,,,,,,,,,,,,,,,,,,,,,,,,,,,14726.99998332636,
YEAR_2040,LOCAL_COAL,,,,,,,,,,,,,,,,29.99999599514278,,,,,,,,,,,,,,,,
YEAR_2040,WASTE,,,,,,,,,,,,,,,,,,,,,,,,,,,,,,10346.99999475099,,
YEAR_2040,H2,,,,,,,,,0.0001022756730590921,,,,,,,,,,,,,,,,,,,,,,,
YEAR_2040,H2_RE,,,,,,,,,7.492045250436904e-06,,,,,,,,,,,,,,,,,,,,,,,
YEAR_2040,AMMONIA_RE,0.0001883527548613613,,,,,,,,,,,,,,,,,,,,,,,,,,,,,,,
YEAR_2040,METHANOL,,,,,,,,,,,,,,,,,12232.75642324556,,,,,,,,,,,,,,,
YEAR_2040,METHANOL_RE,,,,,,,,,,,,,,,,,0.002484396727293603,,,,,,,,,,,,,,,
YEAR_2040,ELEC_EXPORT,,,,,,-2.076920425508888e-05,,,,,,,,,,,,,,,,,,,,,,,,,,
YEAR_2040,CO2_EMISSIONS,,,,-28279.14045265334,,,,,,,,,,,,,,,,,,,,,,,,,,,,
YEAR_2040,RES_WIND,,,,,,,,,,,,,,,,,,,,,,,,,,,40076.87825426458,,,,,
YEAR_2040,RES_SOLAR,,,,,,,,,,,,,,,,,,,,,,,,,,30640.21660877825,,,,,,
YEAR_2040,RES_HYDRO,,,,,,,,,,,,,,,,,,,,,,,,,85800.85509267691,,,,,,,
YEAR_2040,RES_GEO,,,,,,,,,,,,,,,,,,,,,,,,9986.399988053965,,,,,,,,
YEAR_2040,CO2_ATM,,1.153983186272457e-05,,,,,,,,,,,,,,,,,,,,,,,,,,,,,,
YEAR_2040,END_USES,,,,,,-143461.62665643124,,,,-48617.0,-35602.00000540954,-37475.80208320943,-47993.0,,,,,-69815.59999784076,-52361.69999793349,-52361.70000422574,-136831.20000495238,-319272.7999950476,-509.0,,,,,-8287.015964882918,,,,
YEAR_2045,CCGT,,,,0.00012705402922642597,,0.0004002205922838341,-0.0006251058237940157,,,,,,,,,,,,,,,,,,,,,,,,,
YEAR_2045,CCGT_AMMONIA,-0.0003239603765920983,,,,,0.00016461401249598493,,,,,,,,,,,,,,,,,,,,,,,,,,
YEAR_2045,LOCAL_COAL_CENTRAL,,,,0.00040851535616409396,,0.0006127571025614743,,,,,,,,,,-0.0011187446679356318,,,,,,,,,,,,,,,,
YEAR_2045,PV,,,,,,36782.973119780625,,,,,,,,,,,,,,,,,,,,-36782.973119780625,,,,,,
YEAR_2045,WIND_ONSHORE,,,,,,10667.580963361106,,,,,,,,,,,,,,,,,,,,,-10667.580963361106,,,,,
YEAR_2045,WIND_OFFSHORE,,,,,,30678.12850163536,,,,,,,,,,,,,,,,,,,,,-30678.12850163536,,,,,
YEAR_2045,HYDRO_DAM,,,,,,66444.59075197221,,,,,,,,,,,,,,,,,,,-66444.59075197221,,,,,,,
YEAR_2045,HYDRO_RIVER,,,,,,26914.911096975986,,,,,,,,,,,,,,,,,,,-26914.911096975986,,,,,,,
YEAR_2045,GEOTHERMAL,,,,,,9986.399993471176,,,,,,,,,,,,,,,,,,-9986.399993471176,,,,,,,,
YEAR_2045,IND_COGEN_GAS,,,,7012.026435193964,,15426.200113305642,-35060.132175969826,,,16127.757567491522,,,,,,,,,,,,,,,,,,,,,,
YEAR_2045,IND_COGEN_WOOD,,,,0.00011558702829372125,,5.334408931218199e-05,,,,0.0001570791793644935,,,,,,,,,,,,,,,,,,,,,,-0.0002963769956249263
YEAR_2045,IND_COGEN_WASTE,,,,4.568788364670413e-05,,3.514136284312033e-05,,,,7.907597399442018e-05,,,,,,,,,,,,,,,,,,,,-0.00017537397339841045,,
YEAR_2045,IND_BOILER_GAS,,,,8297.36473650483,,,-41486.82368252414,,,38467.15223228942,,,,,,,,,,,,,,,,,,,,,,
YEAR_2045,IND_BOILER_WOOD,,,,960.9145209364024,,,,,,2129.913024737566,,,,,,,,,,,,,,,,,,,,,,-2463.8833870164167
YEAR_2045,IND_BOILER_OIL,,,,4.3230990014903015e-05,,,,,,0.00014507725200144645,,,,,-0.00016627303851885777,,,,,,,,,,,,,,,,,
YEAR_2045,IND_BOILER_COAL,,,,10.799595558657696,,,,,,24.59932476574574,,,,,,-29.998876551826932,,,,,,,,,,,,,,,,
YEAR_2045,IND_BOILER_WASTE,,,,2690.2199321779863,,,,,,8484.624632346126,,,,,,,,,,,,,,,,,,,,-10346.9997391461,,
YEAR_2045,IND_DIRECT_ELEC,,,,,,-7.048984543858308e-05,,,,7.048984543858308e-05,,,,,,,,,,,,,,,,,,,,,,
YEAR_2045,DHN_HP_ELEC,,,,,,-9898.314935874809,,,,,,41125.902024311414,,,,,,,,,,,,,,,,,,,,
YEAR_2045,DHN_COGEN_GAS,,,,8.643378799055484e-05,,0.00021608446997638709,-0.00043216893995277417,,,,,0.00017286757598110967,,,,,,,,,,,,,,,,,,,,
YEAR_2045,DHN_COGEN_WOOD,,,,3.376770485575583e-05,,1.5583993206534306e-05,,,,,,4.588926150334012e-05,,,,,,,,,,,,,,,,,,,,-8.658385860450215e-05
YEAR_2045,DHN_COGEN_WET_BIOMASS,,,,0.0003425435855419302,,0.00011377161735060055,,,,,,0.00013766365699285004,,,,,,,,,,,,,,,,,,,-0.0008765741936842194,
YEAR_2045,DHN_COGEN_BIO_HYDROLYSIS,,,,0.00021214102335244108,,0.00013816364086593753,,,,,,0.00018222369962108602,,,,,,,,,,,,,,,,,,,-0.000542872073480016,
YEAR_2045,DHN_COGEN_WASTE,,,,2.066020927867192e-05,,1.589103833941728e-05,,,,,,3.575841210489937e-05,,,,,,,,,,,,,,,,,,-7.930467999921855e-05,,
YEAR_2045,DHN_BOILER_GAS,,,,1.4524990593903677e-05,,,-7.262495296951839e-05,,,,,6.733885300836197e-05,,,,,,,,,,,,,,,,,,,,
YEAR_2045,DHN_BOILER_WOOD,,,,3.073597902365703e-05,,,,,,,,6.812776852071371e-05,,,,,,,,,,,,,,,,,,,,-7.881020262476163e-05
YEAR_2045,DHN_BOILER_OIL,,,,1.3392752388996351e-05,,,,,,,,4.494423358478705e-05,,,-5.1510586111524426e-05,,,,,,,,,,,,,,,,,
YEAR_2045,DEC_HP_ELEC,,,,,,-0.001017027513301559,,,,,0.0031695059112726498,,,,,,,,,,,,,,,,,,,,,
YEAR_2045,DEC_THHP_GAS,,,,,,,-23952.10553475228,,,,37317.0598828099,,,,,,,,,,,,,,,,,,,,,
YEAR_2045,DEC_COGEN_GAS,,,,,,5.7009942411244456e-05,-0.00012957021830402963,,,,5.9602658035801836e-05,,,,,,,,,,,,,,,,,,,,,
YEAR_2045,DEC_COGEN_OIL,,,,,,3.3366764214764474e-05,,,,,3.6788053158505485e-05,,,,-8.555429642542036e-05,,,,,,,,,,,,,,,,,
YEAR_2045,DEC_ADVCOGEN_GAS,,,,,,4.608583557454306e-05,-7.94580358079523e-05,,,,1.748059307181879e-05,,,,,,,,,,,,,,,,,,,,,
YEAR_2045,DEC_ADVCOGEN_H2,,,,,,3.2641220791008e-05,,,-5.6277753415842386e-05,,1.238098194166591e-05,,,,,,,,,,,,,,,,,,,,,
YEAR_2045,DEC_BOILER_GAS,,,,,,,-0.008628226237891067,,,,0.0077654812689146495,,,,,,,,,,,,,,,,,,,,,
YEAR_2045,DEC_BOILER_WOOD,,,,,,,,,,,0.00014155850687383245,,,,,,,,,,,,,,,,,,,,,-0.00016654358333706388
YEAR_2045,DEC_BOILER_OIL,,,,,,,,,,,0.0003002027359856642,,,,-0.00035318851888713394,,,,,,,,,,,,,,,,,
YEAR_2045,DEC_DIRECT_ELEC,,,,,,-1755.4286212002307,,,,,1755.4286212002307,,,,,,,,,,,,,,,,,,,,,
YEAR_2045,IND_ELEC_COLD,,,,,,-233.14242316452544,,,,,,,,,,,,,,,,,598.0,,,,,,,,,
YEAR_2045,DEC_THHP_GAS_COLD,,,,,,,-129.71804474868492,,,,,,,,,,,,,,,,,,,,,199.89411662986626,,,,
YEAR_2045,DEC_ELEC_COLD,,,,,,-2680.5166902474607,,,,,,,,,,,,,,,,,,,,,,9030.123735812558,,,,
YEAR_2045,TRAMWAY_TROLLEY,,,,,,-674.0955674474059,,,,,,,,,,,,,,,,11590.802991513003,,,,,,,,,,
YEAR_2045,BUS_COACH_DIESEL,,,,,-24085.19747696289,,,,,,,,,,,,,,,,,96077.52902350461,,,,,,,,,,
YEAR_2045,BUS_COACH_GASOLINE,,,,,,,,-0.00042680433862517437,,,,,,,,,,,,,,0.0013663339712220413,,,,,,,,,,
YEAR_2045,BUS_COACH_HYDIESEL,,,,,-3.9101417282663823e-05,,,,,,,,,,,,,,,,,0.00021503554005895042,,,,,,,,,,
YEAR_2045,BUS_COACH_CNG_STOICH,,,,,,,-46578.27766087742,,,,,,,,,,,,,,,186303.76117555884,,,,,,,,,,
YEAR_2045,BUS_COACH_FC_HYBRIDH2,,,,,,,,,-1.3042600855313776e-05,,,,,,,,,,,,,6.475777524874725e-05,,,,,,,,,,
YEAR_2045,TRAIN_PUB,,,,,,-2242.7061823072127,,,,,,,,,,,,,,,,37193.70515659544,,,,,,,,,,
YEAR_2045,CAR_GASOLINE,,,,,,,,-1.1021308402584176e-05,,,,,,,,,,,,,2.376294909748787e-05,,,,,,,,,,,
YEAR_2045,CAR_DIESEL,,,,,-8.066470361497518e-06,,,,,,,,,,,,,,,,1.9653053734205805e-05,,,,,,,,,,,
YEAR_2045,CAR_NG,,,,,,,-8.156425797821136e-06,,,,,,,,,,,,,,2.5351037509688896e-05,,,,,,,,,,,
YEAR_2045,CAR_METHANOL,,,,,,,,,,,,,,,,,-7.032135921870389e-06,,,,1.6391273854157863e-05,,,,,,,,,,,
YEAR_2045,CAR_HEV,,,,,,,,-5.260821404795395e-06,,,,,,,,,,,,,1.7007916138885218e-05,,,,,,,,,,,
YEAR_2045,CAR_PHEV,,,,,,-2.63927192508688e-06,,-2.0849480945554214e-06,,,,,,,,,,,,,2.074967025918338e-05,,,,,,,,,,,
YEAR_2045,CAR_BEV,,,,,,-9423.260031151345,,,,,,,,,,,,,,,68125.53586399145,,,,,,,,,,,
YEAR_2045,CAR_FUEL_CELL,,,,,,,,,-3.539413472625359e-06,,,,,,,,,,,,1.8016174714028846e-05,,,,,,,,,,,
YEAR_2045,MOTORCYCLE,,,,,,,,-7913.632052292753,,,,,,,,,,,,,63523.5117941591,,,,,,,,,,,
YEAR_2045,MOTORCYCLE_ELECTRIC,,,,,,-403.80052663912994,,,,,,,,,,,,,,,10279.152207706566,,,,,,,,,,,
YEAR_2045,TRAIN_FREIGHT,,,,,,-3875.923755621466,,,,,,,,,,,,,60985.49999710433,,,,,,,,,,,,,
YEAR_2045,BOAT_FREIGHT_DIESEL,,,,,-3905.802445296563,,,,,,,,,,,,,38660.06968029824,,,,,,,,,,,,,,
YEAR_2045,BOAT_FREIGHT_NG,,,,,,,-4897.961795340311,,,,,,,,,,,42653.93007599365,,,,,,,,,,,,,,
YEAR_2045,BOAT_FREIGHT_METHANOL,,,,,,,,,,,,,,,,,-2.795048892983675e-05,0.00024066915678542676,,,,,,,,,,,,,,
YEAR_2045,TRUCK_DIESEL,,,,,-0.00014195279679704448,,,,,,,,,,,,,,,0.00029329286038486856,,,,,,,,,,,,
YEAR_2045,TRUCK_GASOLINE,,,,,,,,-26700.36760313913,,,,,,,,,,,,52423.734305586484,,,,,,,,,,,,
YEAR_2045,TRUCK_FUEL_CELL,,,,,,,,,-3364.664215414427,,,,,,,,,,,8561.765235407935,,,,,,,,,,,,
YEAR_2045,TRUCK_NG,,,,,,,-6.128679619101879e-05,,,,,,,,,,,,,0.00011126630784033372,,,,,,,,,,,,
YEAR_2045,TRUCK_METHANOL,,,,,,,,,,,,,,,,,-2.0478595616967994e-05,,,3.680750449104456e-05,,,,,,,,,,,,
YEAR_2045,TRUCK_ELEC,,,,,,-5.48222776082302e-06,,,,,,,,,,,,,,2.3660820139739437e-05,,,,,,,,,,,,
YEAR_2045,HABER_BOSCH,16.31332006015066,,,,,-1.9992494454890952,,,-18.43405166797024,,,2.1866741747726897,,,,,,,,,,,,,,,,,,,,
YEAR_2045,OIL_TO_HVC,,,,6480.044948681375,,-645.444876285915,,,,-524.6190161811985,,,30461.749719705076,,-55384.99948483436,,,,,,,,,,,,,,,,,
YEAR_2045,GAS_TO_HVC,,,,8.863224803932762e-06,,-1.3962196956789153e-05,-8.288669310723078e-05,,,,,,2.966966855172049e-05,,,,,,,,,,,,,,,,,,,
YEAR_2045,BIOMASS_TO_HVC,,,,2820.884607321304,,-120.66782298477287,,,,-219.3960417904961,,,4219.154649817233,,,,,,,,,,,,,,,,,,,-9876.114529956814
YEAR_2045,METHANOL_TO_HVC,,,,,,,,,,-7626.331548276368,,,23110.095600837478,,,,-28683.21863222023,,,,,,,,,,,,,,,
YEAR_2045,SYN_METHANOLATION,,,-5.831645719194275e-05,,,-7.888388908218897e-06,,,-0.00028908625283102644,,,1.972115846772733e-05,,,,,0.00023734503516504633,,,,,,,,,,,,,,,
YEAR_2045,METHANE_TO_METHANOL,,,,2.0353807192954723e-05,,,-0.0005177762327316976,,,,,,,,,,0.0003386256561550591,,,,,,,,,,,,,,,
YEAR_2045,BIOMASS_TO_METHANOL,,,,0.0002297125910625075,,1.9330897991039722e-05,,,,,,0.0002126410764195094,,,,,0.0005992590362403038,,,,,,,,,,,,,,,-0.0009502181278592334
YEAR_2045,DAM_STORAGE,,,,,,-132.82273690135844,,,,,,,,,,,,,,,,,,,,,,,,,,
YEAR_2045,TS_DHN_SEASONAL,,,,,,,,,,,,-0.2625039013270225,,,,,,,,,,,,,,,,,,,,
YEAR_2045,GAS_STORAGE,,,,,,,-19.3279331961442,,,,,,,,,,,,,,,,,,,,,,,,,
YEAR_2045,H2_STORAGE,,,,,,,,,-0.0017563519567869307,,,,,,,,,,,,,,,,,,,,,,,
YEAR_2045,CO2_STORAGE,,,-2.993719367457709e-16,,,,,,,,,,,,,,,,,,,,,,,,,,,,,
YEAR_2045,GASOLINE_STORAGE,,,,,,,,8.843023969334896e-16,,,,,,,,,,,,,,,,,,,,,,,,
YEAR_2045,DIESEL_STORAGE,,,,,1.3763404478617236e-15,,,,,,,,,,,,,,,,,,,,,,,,,,,
YEAR_2045,METHANOL_STORAGE,,,,,,,,,,,,,,,,,-7.237049501340742e-17,,,,,,,,,,,,,,,
YEAR_2045,AMMONIA_STORAGE,7.72715225139109e-14,,,,,,,,,,,,,,,,,,,,,,,,,,,,,,,
YEAR_2045,LFO_STORAGE,,,,,,,,,,,,,,,-2.680147770384167e-16,,,,,,,,,,,,,,,,,
YEAR_2045,TS_COLD,,,,,,,,,,,,,,,,,,,,,,,,,,,,-7.086789900160014e-05,,,,
YEAR_2045,H2_ELECTROLYSIS,,,,,,-8.22427466833225e-05,,,7.643737633550047e-05,-1.4513425907773787e-05,,1.4513426060648543e-06,,,,,,,,,,,,,,,,,,,,
YEAR_2045,SMR,,,,14.516232301113051,,,-72.58116150556526,,53.18859849447843,,,,,,,,,,,,,,,,,,,,,,,
YEAR_2045,H2_BIOMASS,,,,3.570898913642669e-05,,,,,3.960101665422009e-05,,,,,,,,,,,,,,,,,,,,,,,-9.001486347723634e-05
YEAR_2045,GASIFICATION_SNG,,,,2.619198362049343e-05,,,6.54775036448469e-05,,,,,2.213139623195825e-05,,,,,,,,,,,,,,,,,,,,-9.557113220433787e-05
YEAR_2045,SYN_METHANATION,,,-0.00015589930278756068,,,,0.0007794965139378034,,-0.0009353958167253641,,,0.000229951471611652,,,,,,,,,,,,,,,,,,,,
YEAR_2045,BIOMETHANATION,,,,0.017590038596129367,,,0.015918327661747923,,,,,,,,,,,,,,,,,,,,,,,,-0.0532659080217409,
YEAR_2045,BIO_HYDROLYSIS,,,,4952.044296821978,,648.5978136179675,6858.92186117681,,,,,,,,,,,,,,,,,,,,,,,,-16214.945299295658,
YEAR_2045,PYROLYSIS_TO_LFO,,,,4.748225252072145e-05,,3.4700829077702125e-06,,,,,,,,,0.0001458018028474879,,,,,,,,,,,,,,,,,-0.00021525207803084443
YEAR_2045,PYROLYSIS_TO_FUELS,,,,2.3795334629625508e-05,1.7594734216165447e-05,9.877745524864812e-07,,3.858494345650317e-05,,,,,,,,,,,,,,,,,,,,,,,,-9.627438738184647e-05
YEAR_2045,ATM_CCS,,-2.3581557385828468e-05,2.3581557385828468e-05,,,-3.065602460157701e-05,,,,,,,,,,,,,,,,,,,,,,,,,,
YEAR_2045,INDUSTRY_CCS,,,0.0001906343988281114,-0.00021181599869790155,,-4.9353127696611064e-05,,,,,,,,,,,,,,,,,,,,,,,,,,
YEAR_2045,AMMONIA_TO_H2,-16.313284206266065,,,,,,,,11.337417570575049,-1.7006126355862572,,1.133741757057505,,,,,,,,,,,,,,,,,,,,
YEAR_2045,ELECTRICITY,,,,,,4.739815044606081,,,,,,,,,,,,,,,,,,,,,,,,,,
YEAR_2045,GASOLINE,,,,,,,,34613.9999846912,,,,,,,,,,,,,,,,,,,,,,,,
YEAR_2045,DIESEL,,,,,27990.99999100833,,,,,,,,,,,,,,,,,,,,,,,,,,,
YEAR_2045,BIOETHANOL,,,,,,,,7.732561752530828e-05,,,,,,,,,,,,,,,,,,,,,,,,
YEAR_2045,BIODIESEL,,,,,0.0001027891847758611,,,,,,,,,,,,,,,,,,,,,,,,,,,
YEAR_2045,LFO,,,,,,,,,,,,,,,55384.99999561097,,,,,,,,,,,,,,,,,
YEAR_2045,GAS,,,,,,,145337.9999947326,,,,,,,,,,,,,,,,,,,,,,,,,
YEAR_2045,GAS_RE,,,,,,,7.062502429104155e-06,,,,,,,,,,,,,,,,,,,,,,,,,
YEAR_2045,WOOD,,,,,,,,,,,,,,,,,,,,,,,,,,,,,,,,12339.99999259461
YEAR_2045,WET_BIOMASS,,,,,,,,,,,,,,,,,,,,,,,,,,,,,,,16214.99998463501,
YEAR_2045,LOCAL_COAL,,,,,,,,,,,,,,,,29.99999529399564,,,,,,,,,,,,,,,,
YEAR_2045,WASTE,,,,,,,,,,,,,,,,,,,,,,,,,,,,,,10346.99999381861,,
YEAR_2045,H2,,,,,,,,,3318.575170309758,,,,,,,,,,,,,,,,,,,,,,,
YEAR_2045,H2_RE,,,,,,,,,1.83690273853278e-05,,,,,,,,,,,,,,,,,,,,,,,
YEAR_2045,AMMONIA_RE,0.0002881149807086713,,,,,,,,,,,,,,,,,,,,,,,,,,,,,,,
YEAR_2045,METHANOL_RE,,,,,,,,,,,,,,,,,28683.21751234836,,,,,,,,,,,,,,,
YEAR_2045,ELEC_EXPORT,,,,,,-2.498794297878248e-05,,,,,,,,,,,,,,,,,,,,,,,,,,
YEAR_2045,CO2_EMISSIONS,,,,-33238.83457010371,,,,,,,,,,,,,,,,,,,,,,,,,,,,
YEAR_2045,RES_WIND,,,,,,,,,,,,,,,,,,,,,,,,,,,41345.70946499646,,,,,
YEAR_2045,RES_SOLAR,,,,,,,,,,,,,,,,,,,,,,,,,,36782.97311978062,,,,,,
YEAR_2045,RES_HYDRO,,,,,,,,,,,,,,,,,,,,,,,,,93359.5018489482,,,,,,,
YEAR_2045,RES_GEO,,,,,,,,,,,,,,,,,,,,,,,,9986.399993471176,,,,,,,,
YEAR_2045,CO2_ATM,,2.358155738582847e-05,,,,,,,,,,,,,,,,,,,,,,,,,,,,,,
YEAR_2045,END_USES,,,,,,-165465.9994036287,,,,-56862.0,-39072.500007005794,-41128.96117704123,-57791.0,,,,,-81313.99999689768,-60985.49999710433,-60985.50000599799,-141928.20000680388,-331165.7999931961,-598.0,,,,,-9230.017781569848,,,,
YEAR_2050,CCGT,,,,6.312365744759463e-05,,0.00019883971979964285,-0.0003081035661416651,,,,,,,,,,,,,,,,,,,,,,,,,
YEAR_2050,CCGT_AMMONIA,-0.00028307568617543595,,,,,0.00014498998563034328,,,,,,,,,,,,,,,,,,,,,,,,,,
YEAR_2050,LOCAL_COAL_CENTRAL,,,,0.00013271456913081504,,0.00019906667796259554,,,,,,,,,,-0.0003608995617795799,,,,,,,,,,,,,,,,
YEAR_2050,PV,,,,,,36782.97305866011,,,,,,,,,,,,,,,,,,,,-36782.97305866011,,,,,,
YEAR_2050,WIND_ONSHORE,,,,,,16447.812011754788,,,,,,,,,,,,,,,,,,,,,-16447.812011754788,,,,,
YEAR_2050,WIND_OFFSHORE,,,,,,56973.66717933225,,,,,,,,,,,,,,,,,,,,,-56973.66717933225,,,,,
YEAR_2050,HYDRO_DAM,,,,,,70989.99313340927,,,,,,,,,,,,,,,,,,,-70989.99313340927,,,,,,,
YEAR_2050,HYDRO_RIVER,,,,,,28600.285028913226,,,,,,,,,,,,,,,,,,,-28600.285028913226,,,,,,,
YEAR_2050,GEOTHERMAL,,,,,,9986.399987467857,,,,,,,,,,,,,,,,,,-9986.399987467857,,,,,,,,
YEAR_2050,IND_COGEN_GAS,,,,4840.179170443158,,10648.216055312758,-24200.895852215792,,,11132.478886892584,,,,,,,,,,,,,,,,,,,,,,
YEAR_2050,IND_COGEN_WOOD,,,,0.0001849405178884829,,8.535113022038236e-05,,,,0.0002513284164322213,,,,,,,,,,,,,,,,,,,,,,-0.0004742064561243152
YEAR_2050,IND_COGEN_WASTE,,,,8.62688258591184e-05,,6.63546627593449e-05,,,,0.0001493129225007761,,,,,,,,,,,,,,,,,,,,-0.00033081664559570455,,
YEAR_2050,IND_BOILER_GAS,,,,10345.336629249134,,,-51726.68314624567,,,47961.69044621759,,,,,,,,,,,,,,,,,,,,,,
YEAR_2050,IND_BOILER_WOOD,,,,5461.947877512633,,,,,,12106.668877701157,,,,,,,,,,,,,,,,,,,,,,-14004.994557724698
YEAR_2050,IND_BOILER_OIL,,,,0.0001318311162818932,,,,,,0.0004424070804732209,,,,,-0.0005070427549303584,,,,,,,,,,,,,,,,,
YEAR_2050,IND_BOILER_COAL,,,,12.959866118544564,,,,,,29.519990247698427,,,,,,-35.99962810706823,,,,,,,,,,,,,,,,
YEAR_2050,IND_BOILER_WASTE,,,,2690.219871248606,,,,,,8484.624440182313,,,,,,,,,,,,,,,,,,,,-10346.999504802332,,
YEAR_2050,IND_DIRECT_ELEC,,,,,,-0.00068566387154513,,,,0.00068566387154513,,,,,,,,,,,,,,,,,,,,,,
YEAR_2050,DHN_HP_ELEC,,,,,,-10733.417113627671,,,,,,45426.59110145257,,,,,,,,,,,,,,,,,,,,
YEAR_2050,DHN_COGEN_GAS,,,,5.520488279045416e-05,,0.00013801220697613541,-0.00027602441395227083,,,,,0.00011040976558090833,,,,,,,,,,,,,,,,,,,,
YEAR_2050,DHN_COGEN_WOOD,,,,6.1132326004377e-05,,2.821292584797817e-05,,,,,,8.307693123668483e-05,,,,,,,,,,,,,,,,,,,,-0.00015674955385737693
YEAR_2050,DHN_COGEN_WET_BIOMASS,,,,0.00024689368454284356,,8.200268517551876e-05,,,,,,9.922324906138547e-05,,,,,,,,,,,,,,,,,,,-0.0006311784875083527,
YEAR_2050,DHN_COGEN_BIO_HYDROLYSIS,,,,0.0002523968309578108,,0.0001643815258221929,,,,,,0.00021680240616808976,,,,,,,,,,,,,,,,,,,-0.0006452471653565387,
YEAR_2050,DHN_COGEN_WASTE,,,,3.919488312800048e-05,,3.0147196579417862e-05,,,,,,6.783797610130031e-05,,,,,,,,,,,,,,,,,,-0.0001503013357582435,,
YEAR_2050,DHN_BOILER_GAS,,,,2.696744934996135e-05,,,-0.00013483724674980674,,,,,0.0001250229455260146,,,,,,,,,,,,,,,,,,,,
YEAR_2050,DHN_BOILER_WOOD,,,,5.684185820144558e-05,,,,,,,,0.0001259926991378639,,,,,,,,,,,,,,,,,,,,-0.00014574835436268098
YEAR_2050,DHN_BOILER_OIL,,,,2.8813793162082895e-05,,,,,,,,9.669512380475223e-05,,,-0.00011082228139262652,,,,,,,,,,,,,,,,,
YEAR_2050,DEC_HP_ELEC,,,,,,-4066.558878253354,,,,,12909.335903070427,,,,,,,,,,,,,,,,,,,,,
YEAR_2050,DEC_THHP_GAS,,,,,,,-18864.62388287312,,,,29938.486780748914,,,,,,,,,,,,,,,,,,,,,
YEAR_2050,DEC_COGEN_GAS,,,,,,8.775131467255851e-05,-0.00019943814215020905,,,,9.17420958416712e-05,,,,,,,,,,,,,,,,,,,,,
YEAR_2050,DEC_COGEN_OIL,,,,,,5.961522721030098e-05,,,,,6.572792415689193e-05,,,,-0.00015285686041926786,,,,,,,,,,,,,,,,,
YEAR_2050,DEC_ADVCOGEN_GAS,,,,,,9.45238100337107e-05,-0.0001629714681035624,,,,3.585336444913924e-05,,,,,,,,,,,,,,,,,,,,,
YEAR_2050,DEC_ADVCOGEN_H2,,,,,,7.432245527994277e-05,,,-0.00012814167822598234,,2.819088730084311e-05,,,,,,,,,,,,,,,,,,,,,
YEAR_2050,DEC_BOILER_GAS,,,,,,,-0.0006222237607118227,,,,0.0005600069847104876,,,,,,,,,,,,,,,,,,,,,
YEAR_2050,DEC_BOILER_WOOD,,,,,,,,,,,0.00019459079042567887,,,,,,,,,,,,,,,,,,,,,-0.0002289360649358112
YEAR_2050,DEC_BOILER_OIL,,,,,,,,,,,0.00023592175655300855,,,,-0.0002775619465846146,,,,,,,,,,,,,,,,,
YEAR_2050,DEC_DIRECT_ELEC,,,,,,-318.1761262341099,,,,,318.1761262341099,,,,,,,,,,,,,,,,,,,,,
YEAR_2050,IND_ELEC_COLD,,,,,,-258.66941672478794,,,,,,,,,,,,,,,,,702.0,,,,,,,,,
YEAR_2050,DEC_THHP_GAS_COLD,,,,,,,-0.0007124670113461511,,,,,,,,,,,,,,,,,,,,,0.001161653295622142,,,,
YEAR_2050,DEC_ELEC_COLD,,,,,,-2880.147444561126,,,,,,,,,,,,,,,,,,,,,,10266.018848295736,,,,
YEAR_2050,TRAMWAY_TROLLEY,,,,,,-668.6891262103957,,,,,,,,,,,,,,,,11897.248979494885,,,,,,,,,,
YEAR_2050,BUS_COACH_DIESEL,,,,,-19325.570244639697,,,,,,,,,,,,,,,,,79241.89628475378,,,,,,,,,,
YEAR_2050,BUS_COACH_GASOLINE,,,,,,,,-4237.237364854049,,,,,,,,,,,,,,13943.32608790697,,,,,,,,,,
YEAR_2050,BUS_COACH_HYDIESEL,,,,,-0.00030467378140105534,,,,,,,,,,,,,,,,,0.0017427528584553396,,,,,,,,,,
YEAR_2050,BUS_COACH_CNG_STOICH,,,,,,,-39552.361939567345,,,,,,,,,,,,,,,163455.43284121837,,,,,,,,,,
YEAR_2050,BUS_COACH_FC_HYBRIDH2,,,,,,,,,-5.0658724279510446e-05,,,,,,,,,,,,,0.00026496286968892297,,,,,,,,,,
YEAR_2050,TRAIN_PUB,,,,,,-4159.781300441531,,,,,,,,,,,,,,,,71383.493772879,,,,,,,,,,
YEAR_2050,CAR_GASOLINE,,,,,,,,-2.111683164705506e-05,,,,,,,,,,,,,4.704188114137648e-05,,,,,,,,,,,
YEAR_2050,CAR_DIESEL,,,,,-1.6377392787156996e-05,,,,,,,,,,,,,,,,4.1014950519172144e-05,,,,,,,,,,,
YEAR_2050,CAR_NG,,,,,,,-1.5595941454499475e-05,,,,,,,,,,,,,,5.008367468325473e-05,,,,,,,,,,,
YEAR_2050,CAR_METHANOL,,,,,,,,,,,,,,,,,-1.4513711317357734e-05,,,,3.495366109928848e-05,,,,,,,,,,,
YEAR_2050,CAR_HEV,,,,,,,,-1.0551361489758455e-05,,,,,,,,,,,,,3.5480442330150974e-05,,,,,,,,,,,
YEAR_2050,CAR_PHEV,,,,,,-5.149382604970731e-06,,-4.067862563091237e-06,,,,,,,,,,,,,4.2014413838288976e-05,,,,,,,,,,,
YEAR_2050,CAR_BEV,,,,,,-8879.579393251612,,,,,,,,,,,,,,,69926.6877131156,,,,,,,,,,,
YEAR_2050,CAR_FUEL_CELL,,,,,,,,,-9.99937617670679e-06,,,,,,,,,,,,5.4014636171723985e-05,,,,,,,,,,,
YEAR_2050,MOTORCYCLE,,,,,,,,-0.00012088514821935485,,,,,,,,,,,,,0.0010026138195185772,,,,,,,,,,,
YEAR_2050,MOTORCYCLE_ELECTRIC,,,,,,-2731.950568679355,,,,,,,,,,,,,,,75753.91100584739,,,,,,,,,,,
YEAR_2050,TRAIN_FREIGHT,,,,,,-4375.082209720664,,,,,,,,,,,,,71230.79999233919,,,,,,,,,,,,,
YEAR_2050,BOAT_FREIGHT_DIESEL,,,,,-5142.42940661066,,,,,,,,,,,,,52320.468879746164,,,,,,,,,,,,,,
YEAR_2050,BOAT_FREIGHT_NG,,,,,,,-4740.527379397359,,,,,,,,,,,42653.930486806974,,,,,,,,,,,,,,
YEAR_2050,BOAT_FREIGHT_METHANOL,,,,,,,,,,,,,,,,,-7.065599766112627e-05,0.0006253612795422389,,,,,,,,,,,,,,
YEAR_2050,TRUCK_DIESEL,,,,,-0.00026493497798258514,,,,,,,,,,,,,,,0.0005626622327315629,,,,,,,,,,,,
YEAR_2050,TRUCK_GASOLINE,,,,,,,,-19810.76272420758,,,,,,,,,,,,39981.84584132173,,,,,,,,,,,,
YEAR_2050,TRUCK_FUEL_CELL,,,,,,,,,-11657.645160098202,,,,,,,,,,,31248.953086251997,,,,,,,,,,,,
YEAR_2050,TRUCK_NG,,,,,,,-0.00015848581513853852,,,,,,,,,,,,,0.00029728698483887794,,,,,,,,,,,,
YEAR_2050,TRUCK_METHANOL,,,,,,,,,,,,,,,,,-6.310585333716378e-05,,,0.00011658878458358244,,,,,,,,,,,,
YEAR_2050,TRUCK_ELEC,,,,,,-2.5016578375345266e-05,,,,,,,,,,,,,,0.00011171998463477221,,,,,,,,,,,,
YEAR_2050,HABER_BOSCH,56.525765813297724,,,,,-6.927413030664113,,,-63.87411536902642,,,7.576841002164804,,,,,,,,,,,,,,,,,,,,
YEAR_2050,OIL_TO_HVC,,,,6698.249921599261,,-667.1791825855365,,,,-542.2847081825049,,,31487.49959108093,,-57249.99925078578,,,,,,,,,,,,,,,,,
YEAR_2050,GAS_TO_HVC,,,,2.1797701126836857e-05,,-3.433781756309268e-05,-0.00020384672663854633,,,,,,7.296786236717685e-05,,,,,,,,,,,,,,,,,,,
YEAR_2050,BIOMASS_TO_HVC,,,,0.0006372690612998111,,-2.726019706124022e-05,,,,-4.95639946568004e-05,,,0.0009531537434000077,,,,,,,,,,,,,,,,,,,-0.0022062781309948867
YEAR_2050,METHANOL_TO_HVC,,,,,,,,,,-12524.65479628715,,,37953.49938268833,,,,-47106.18854437082,,,,,,,,,,,,,,,
YEAR_2050,SYN_METHANOLATION,,,-0.0002089428889338627,,,-2.7949386485058132e-05,,,-0.0010242628004948847,,,7.065922763118018e-05,,,,,0.0008503870041053487,,,,,,,,,,,,,,,
YEAR_2050,METHANE_TO_METHANOL,,,,2.7141449514367352e-05,,,-0.0006904456422919772,,,,,,,,,,0.0004515514499903173,,,,,,,,,,,,,,,
YEAR_2050,BIOMASS_TO_METHANOL,,,,0.0002662352241758604,,2.24043703323372e-05,,,,,,0.0002464494627294479,,,,,0.0006945368693761919,,,,,,,,,,,,,,,-0.0010890320324729464
YEAR_2050,DAM_STORAGE,,,,,,-141.9089962719188,,,,,,,,,,,,,,,,,,,,,,,,,,
YEAR_2050,TS_DHN_SEASONAL,,,,,,,,,,,,-0.28910860671851424,,,,,,,,,,,,,,,,,,,,
YEAR_2050,GAS_STORAGE,,,,,,,-16.011770555328113,,,,,,,,,,,,,,,,,,,,,,,,,
YEAR_2050,H2_STORAGE,,,,,,,,,-0.0018554298527943276,,,,,,,,,,,,,,,,,,,,,,,
YEAR_2050,CO2_STORAGE,,,3.2160146941351275e-17,,,,,,,,,,,,,,,,,,,,,,,,,,,,,
YEAR_2050,GASOLINE_STORAGE,,,,,,,,-3.382710778154774e-16,,,,,,,,,,,,,,,,,,,,,,,,
YEAR_2050,DIESEL_STORAGE,,,,,-9.679756995950584e-16,,,,,,,,,,,,,,,,,,,,,,,,,,,
YEAR_2050,METHANOL_STORAGE,,,,,,,,,,,,,,,,,-1.1553258350005535e-15,,,,,,,,,,,,,,,
YEAR_2050,AMMONIA_STORAGE,-2.184918912462308e-13,,,,,,,,,,,,,,,,,,,,,,,,,,,,,,,
YEAR_2050,LFO_STORAGE,,,,,,,,,,,,,,,-6.349087922075114e-16,,,,,,,,,,,,,,,,,
YEAR_2050,TS_COLD,,,,,,,,,,,,,,,,,,,,,,,,,,,,-0.00023252490913296125,,,,
YEAR_2050,H2_ELECTROLYSIS,,,,,,-0.004078896244357911,,,0.0037909741568330794,-0.0007198052207075648,,7.198052282895131e-05,,,,,,,,,,,,,,,,,,,,
YEAR_2050,SMR,,,,50.018829367382615,,,-250.09414683691307,,183.2728615249253,,,,,,,,,,,,,,,,,,,,,,,
YEAR_2050,H2_BIOMASS,,,,8.996115539736814e-05,,,,,9.976628572467491e-05,,,,,,,,,,,,,,,,,,,,,,,-0.00022424786895384354
YEAR_2050,GASIFICATION_SNG,,,,6.709322676857571e-05,,,0.00016772677716729548,,,,,5.669165068254588e-05,,,,,,,,,,,,,,,,,,,,-0.0002386940731714928
YEAR_2050,SYN_METHANATION,,,-0.0003125922593638839,,,,0.0015629612968194194,,-0.0018755535561833033,,,0.00046107358256172867,,,,,,,,,,,,,,,,,,,,
YEAR_2050,BIOMETHANATION,,,,0.0015574343715379,,,0.0014094199112936621,,,,,,,,,,,,,,,,,,,,,,,,-0.004716200907170853,
YEAR_2050,BIO_HYDROLYSIS,,,,5462.687962477192,,715.4797607956995,7566.198450742406,,,,,,,,,,,,,,,,,,,,,,,,-17886.993974495294,
YEAR_2050,PYROLYSIS_TO_LFO,,,,0.00010072260225562108,,7.3609772485169704e-06,,,,,,,,,0.00030928475834104914,,,,,,,,,,,,,,,,,-0.0004515227177307342
YEAR_2050,PYROLYSIS_TO_FUELS,,,,5.246137450439734e-05,3.879096282472059e-05,2.1777382638439628e-06,,8.50679009314048e-05,,,,,,,,,,,,,,,,,,,,,,,,-0.0002098916885267087
YEAR_2050,ATM_CCS,,-7.029432325863017e-05,7.029432325863017e-05,,,-9.138262023621922e-05,,,,,,,,,,,,,,,,,,,,,,,,,,
YEAR_2050,INDUSTRY_CCS,,,0.00045124202508500875,-0.0005013800278722319,,-0.00011682154649423005,,,,,,,,,,,,,,,,,,,,,,,,,,
YEAR_2050,AMMONIA_TO_H2,-56.527217524852,,,,,,,,40.29264084862004,-6.043896127293006,,4.029264084862004,,,,,,,,,,,,,,,,,,,,
YEAR_2050,ELECTRICITY,,,,,,0.0003733516634205806,,,,,,,,,,,,,,,,,,,,,,,,,,
YEAR_2050,GASOLINE,,,,,,,,24047.99996981992,,,,,,,,,,,,,,,,,,,,,,,,
YEAR_2050,DIESEL,,,,,24467.99997262975,,,,,,,,,,,,,,,,,,,,,,,,,,,
YEAR_2050,BIOETHANOL,,,,,,,,0.0001907444069137753,,,,,,,,,,,,,,,,,,,,,,,,
YEAR_2050,BIODIESEL,,,,,0.0002258146576614782,,,,,,,,,,,,,,,,,,,,,,,,,,,
YEAR_2050,LFO,,,,,,,,,,,,,,,57249.99998988396,,,,,,,,,,,,,,,,,
YEAR_2050,GAS,,,,,,,131784.9999887102,,,,,,,,,,,,,,,,,,,,,,,,,
YEAR_2050,GAS_RE,,,,,,,2.259998943400591e-05,,,,,,,,,,,,,,,,,,,,,,,,,
YEAR_2050,WOOD,,,,,,,,,,,,,,,,,,,,,,,,,,,,,,,,14004.99998299825
YEAR_2050,WET_BIOMASS,,,,,,,,,,,,,,,,,,,,,,,,,,,,,,,17886.99996710792,
YEAR_2050,LOCAL_COAL,,,,,,,,,,,,,,,,35.9999890039712,,,,,,,,,,,,,,,,
YEAR_2050,WASTE,,,,,,,,,,,,,,,,,,,,,,,,,,,,,,10346.99998591973,,
YEAR_2050,H2,,,,,,,,,11497.95471102329,,,,,,,,,,,,,,,,,,,,,,,
YEAR_2050,H2_RE,,,,,,,,,0.0001153644506727599,,,,,,,,,,,,,,,,,,,,,,,
YEAR_2050,AMMONIA_RE,0.001734786458517485,,,,,,,,,,,,,,,,,,,,,,,,,,,,,,,
YEAR_2050,METHANOL_RE,,,,,,,,,,,,,,,,,47106.18669631973,,,,,,,,,,,,,,,
YEAR_2050,ELEC_EXPORT,,,,,,-7.84031888372283e-05,,,,,,,,,,,,,,,,,,,,,,,,,,
YEAR_2050,CO2_EMISSIONS,,,,-35561.60381307644,,,,,,,,,,,,,,,,,,,,,,,,,,,,
YEAR_2050,RES_WIND,,,,,,,,,,,,,,,,,,,,,,,,,,,73421.47919108704,,,,,
YEAR_2050,RES_SOLAR,,,,,,,,,,,,,,,,,,,,,,,,,,36782.97305866011,,,,,,
YEAR_2050,RES_HYDRO,,,,,,,,,,,,,,,,,,,,,,,,,99590.27816232247,,,,,,,
YEAR_2050,RES_GEO,,,,,,,,,,,,,,,,,,,,,,,,9986.399987467857,,,,,,,,
YEAR_2050,CO2_ATM,,7.029432325863017e-05,,,,,,,,,,,,,,,,,,,,,,,,,,,,,,
YEAR_2050,END_USES,,,,,,-191256.75573403866,,,,-66642.0,-43166.00002208547,-45437.909929836766,-69441.0,,,,,-94974.39999170441,-71230.79999233919,-71230.80001595638,-145680.6000261256,-339921.3999738744,-702.0,,,,,-10266.019777421026,,,,
